<?xml version="1.0" encoding="UTF-8"?>
<!--
 Copyright (c) 2019 SAP SE or an SAP affiliate company. All rights reserved
-->
<base>
	<search>
		<search-properties>
			<property qualifier="Comment.subject"/>
			<property qualifier="Comment.text"/>
			<property qualifier="Comment.attachments"/>
		</search-properties>
		<sort-properties>
		<property qualifier="Item.modifiedtime"/>
			<property qualifier="Comment.subject"/>
			<property qualifier="Comment.text"/>
			<property qualifier="Comment.creationtime"/>
		</sort-properties>
	</search>
	<label spring-bean="commentLabelProvider" />
</base>
