8796093448334;8796099215502;8796093678187;allDocuments,allowedPrincipals,assignedCockpitItemTemplates,categories,data_sheet,detail,keywords,logo,medias,normal,others,picture,products,promotions,supercategories,thumbnail,thumbnails;;true
8796093415566;8796099051662;8796093547115;allDocuments,allowedPrincipals,assignedCockpitItemTemplates,categories,data_sheet,detail,keywords,logo,medias,normal,others,picture,products,promotions,supercategories,thumbnail,thumbnails;;true
8796093284494;8796098822286;8796093350507;allDocuments,allowedPrincipals,assignedCockpitItemTemplates,categories,data_sheet,detail,keywords,logo,medias,normal,others,picture,products,promotions,supercategories,thumbnail,thumbnails;;true
8796097708174;8796099870862;8796094268011;allDocuments,allowedPrincipals,assignedCockpitItemTemplates,categories,data_sheet,detail,keywords,logo,medias,normal,others,picture,products,promotions,supercategories,thumbnail,thumbnails;;true
8796093317262;8796099018894;8796093514347;allDocuments,allowedPrincipals,assignedCockpitItemTemplates,categories,data_sheet,detail,keywords,logo,medias,normal,others,picture,products,promotions,supercategories,thumbnail,thumbnails;;true
8796097839246;8796100165774;8796094464619;allDocuments,allowedPrincipals,assignedCockpitItemTemplates,categories,data_sheet,detail,keywords,logo,medias,normal,others,picture,products,promotions,supercategories,thumbnail,thumbnails;;true
8796098166926;8796100690062;8796094857835;allDocuments,allowedPrincipals,assignedCockpitItemTemplates,categories,data_sheet,detail,keywords,logo,medias,normal,others,picture,products,promotions,supercategories,thumbnail,thumbnails;;true
8796093055118;8796098592910;8796093186667;allDocuments,allowedPrincipals,assignedCockpitItemTemplates,categories,data_sheet,detail,keywords,logo,medias,normal,others,picture,products,promotions,supercategories,thumbnail,thumbnails;;true
8796097970318;8796100460686;8796094661227;allDocuments,allowedPrincipals,assignedCockpitItemTemplates,categories,data_sheet,detail,keywords,logo,medias,normal,others,picture,products,promotions,supercategories,thumbnail,thumbnails;;true
8796097806478;8796100231310;8796094497387;allDocuments,allowedPrincipals,assignedCockpitItemTemplates,categories,data_sheet,detail,keywords,logo,medias,normal,others,picture,products,promotions,supercategories,thumbnail,thumbnails;;true
8796138439262;8796160066142;8797092643435;allDocuments,assignedCockpitItemTemplates,icon;;true
