<?xml version="1.0" encoding="UTF-8"?>
<!--
 Copyright (c) 2019 SAP SE or an SAP affiliate company. All rights reserved
-->
<editor>
	<group qualifier="AttributeConstraint" visible="true" initially-opened="true">
		<label key="config.general.mandatorydata" />
		<property qualifier="AbstractConstraint.id" />		
		<property qualifier="AttributeConstraint.descriptor" />	
		<property qualifier="AbstractConstraint.active" />
		<property qualifier="AbstractConstraint.severity" />
		<property qualifier="AbstractConstraint.defaultMessage" />
		<property qualifier="AbstractConstraint.message" />
	</group>

	<group qualifier="admin" visible="true" initially-opened="false">
		<label key="cockpit.config.label.Other" />
		<property qualifier="AbstractConstraint.type" />
		<property qualifier="AbstractConstraint.target" editor="class" />
		<property qualifier="AttributeConstraint.qualifier" />
		<property qualifier="AbstractConstraint.constraintGroups" >
			<parameter>
				<name>allowCreate</name>
				<value>true</value>
			</parameter>
			<parameter>
				<name>defaultEmptyLabelKey</name>
				<value>ea.constrain_group_default_label</value>
			</parameter>			
		</property>
		<property qualifier="AbstractConstraint.annotation" editor="class"/>
		<property qualifier="Item.pk" />
		<property qualifier="Item.creationTime" />
		<property qualifier="Item.modifiedtime" />
	</group>
	
	<!-- custom-group class="de.hybris.platform.cockpit.services.config.impl.ConstraintAdministrationEditorSectionConfiguration"
		qualifier="AbstractConstraint" initially-opened="true" visible="true">
		<label key="admincockpit.editorArea.administrationdata" />
		<property qualifier="AbstractConstraint.id" />
		<property qualifier="AbstractConstraint.annotation" editor="class" >
			<parameter>
				<name>editable</name>
				<value>false</value>
			</parameter>
		</property>			
		<property qualifier="AbstractConstraint.severity" />
		<property qualifier="AbstractConstraint.active" />
		<property qualifier="AbstractConstraint.defaultMessage"  />	
		<property qualifier="AbstractConstraint.message"  />	
		<property qualifier="AbstractConstraint.target" editor="class" />
		<property qualifier="AbstractConstraint.type" />
		<property qualifier="AbstractConstraint.constraintGroups" />
		<property qualifier="AttributeConstraint.descriptor" />
		<property qualifier="AttributeConstraint.qualifier" />
	</custom-group-->
		
</editor>
