<?xml version="1.0" encoding="UTF-8"?>
<!--
 Copyright (c) 2020 SAP SE or an SAP affiliate company. All rights reserved.
-->
<advanced-search>
	
	<group name="root" type="contentcatalog">
		<label key="config.general.searchfor" />
		<group name="general">
			<label key="cockpit.config.label.General" />
			<property qualifier="contentcatalog.id" sort-enabled="true"/>
			<property qualifier="contentcatalog.name" sort-enabled="true"/>
			<property qualifier="contentcatalog.defaultCatalog" sort-enabled="true" visible="false"/>
		</group>
	</group>
	
</advanced-search>
