<?xml version="1.0" encoding="UTF-8"?>
<!--
 Copyright (c) 2020 SAP SE or an SAP affiliate company. All rights reserved.
-->
<wizard-config showPrefilledValues="true" selectMode="true" createMode="true" displaySubtypes="true">
	<displayed-properties>
		<property qualifier="CMSLinkComponent.contentPage">
			<parameter name="predefinedValuesStrategy" value="cmsItemPredefinedValuesStrategy"/>
		</property>
		<property qualifier="CMSLinkComponent.linkName">
			<parameter name="defaultValue" value="InternalLink"/>
		</property>
		<property qualifier="CMSLinkComponent.linkName">
			<parameter name="defaultValue" value="InternalLink"/>
		</property>
		<property qualifier="CMSLinkComponent.external" visible="false">
			<parameter name="defaultValue" value="false"/>
		</property>
	</displayed-properties>
</wizard-config>


