<?xml version="1.0" encoding="UTF-8"?>
<!--
 Copyright (c) 2019 SAP SE or an SAP affiliate company. All rights reserved
-->
<wizard-config showPrefilledValues="false" selectMode="true" createMode="true" createWithinPopup="false">
	<displayed-properties>
		<property qualifier="CommentAttachment.item">
			<parameter name="allowCreate" value="true" />
			<parameter name="allowAutocompletion" value="true" />
			<parameter name="autocompletionSearchType" value="Media" />
			<parameter name="restrictToCreateTypes" value="Product+,Category+,Media,MediaContainer+,PriceRow+,Principal+,Voucher+,Promotion+" />
		</property>
	</displayed-properties>
</wizard-config>
