8796093153422;8796098560142;8796093219435;allDocuments,allowedPrincipals,assignedCockpitItemTemplates,categories,data_sheet,detail,keywords,logo,medias,normal,others,picture,products,promotions,supercategories,thumbnail,thumbnails;;true
8796093251726;8796098789518;8796093317739;allDocuments,allowedPrincipals,assignedCockpitItemTemplates,categories,data_sheet,detail,keywords,logo,medias,normal,others,picture,products,promotions,supercategories,thumbnail,thumbnails;;true
8796093284494;8796098822286;8796093350507;allDocuments,allowedPrincipals,assignedCockpitItemTemplates,categories,data_sheet,detail,keywords,logo,medias,normal,others,picture,products,promotions,supercategories,thumbnail,thumbnails;;true
8796093415566;8796099051662;8796093547115;allDocuments,allowedPrincipals,assignedCockpitItemTemplates,categories,data_sheet,detail,keywords,logo,medias,normal,others,picture,products,promotions,supercategories,thumbnail,thumbnails;;true
8796093055118;8796098592910;8796093186667;allDocuments,allowedPrincipals,assignedCockpitItemTemplates,categories,data_sheet,detail,keywords,logo,medias,normal,others,picture,products,promotions,supercategories,thumbnail,thumbnails;;true
8796093317262;8796099018894;8796093514347;allDocuments,allowedPrincipals,assignedCockpitItemTemplates,categories,data_sheet,detail,keywords,logo,medias,normal,others,picture,products,promotions,supercategories,thumbnail,thumbnails;;true
8796093448334;8796099215502;8796093678187;allDocuments,allowedPrincipals,assignedCockpitItemTemplates,categories,data_sheet,detail,keywords,logo,medias,normal,others,picture,products,promotions,supercategories,thumbnail,thumbnails;;true
8796093513870;8796099248270;8796093710955;allDocuments,allowedPrincipals,assignedCockpitItemTemplates,categories,data_sheet,detail,keywords,logo,medias,normal,others,picture,products,promotions,supercategories,thumbnail,thumbnails;;true
8796093612174;8796099412110;8796093874795;allDocuments,allowedPrincipals,assignedCockpitItemTemplates,categories,data_sheet,detail,keywords,logo,medias,normal,others,picture,products,promotions,supercategories,thumbnail,thumbnails;;true
8796093644942;8796099477646;8796093907563;allDocuments,allowedPrincipals,assignedCockpitItemTemplates,categories,data_sheet,detail,keywords,logo,medias,normal,others,picture,products,promotions,supercategories,thumbnail,thumbnails;;true
8796097708174;8796099870862;8796094268011;allDocuments,allowedPrincipals,assignedCockpitItemTemplates,categories,data_sheet,detail,keywords,logo,medias,normal,others,picture,products,promotions,supercategories,thumbnail,thumbnails;;true
8796093776014;8796099674254;8796094104171;allDocuments,allowedPrincipals,assignedCockpitItemTemplates,categories,data_sheet,detail,keywords,logo,medias,normal,others,picture,products,promotions,supercategories,thumbnail,thumbnails;;true
8796093743246;8796099641486;8796094071403;allDocuments,allowedPrincipals,assignedCockpitItemTemplates,categories,data_sheet,detail,keywords,logo,medias,normal,others,picture,products,promotions,supercategories,thumbnail,thumbnails;;true
8796097872014;8796100067470;8796094431851;categories;;true
8796093808782;8796099903630;8796094300779;allDocuments,allowedPrincipals,assignedCockpitItemTemplates,categories,data_sheet,detail,keywords,logo,medias,normal,others,picture,products,promotions,supercategories,thumbnail,thumbnails;;true
8796097839246;8796100165774;8796094464619;allDocuments,allowedPrincipals,assignedCockpitItemTemplates,categories,data_sheet,detail,keywords,logo,medias,normal,others,picture,products,promotions,supercategories,thumbnail,thumbnails;;true
8796098035854;8796100493454;8796094693995;allDocuments,allowedPrincipals,assignedCockpitItemTemplates,categories,data_sheet,detail,keywords,logo,medias,normal,others,picture,products,promotions,supercategories,thumbnail,thumbnails;;true
8796097970318;8796100460686;8796094661227;allDocuments,allowedPrincipals,assignedCockpitItemTemplates,categories,data_sheet,detail,keywords,logo,medias,normal,others,picture,products,promotions,supercategories,thumbnail,thumbnails;;true
8796098101390;8796100624526;8796094792299;allDocuments,allowedPrincipals,assignedCockpitItemTemplates,categories,data_sheet,detail,keywords,logo,medias,normal,others,picture,products,promotions,supercategories,thumbnail,thumbnails;;true
8796097806478;8796100231310;8796094497387;allDocuments,allowedPrincipals,assignedCockpitItemTemplates,categories,data_sheet,detail,keywords,logo,medias,normal,others,picture,products,promotions,supercategories,thumbnail,thumbnails;;true
8796098166926;8796100690062;8796094857835;allDocuments,allowedPrincipals,assignedCockpitItemTemplates,categories,data_sheet,detail,keywords,logo,medias,normal,others,picture,products,promotions,supercategories,thumbnail,thumbnails;;true
8796098232462;8796100853902;8796094956139;allDocuments,allowedPrincipals,assignedCockpitItemTemplates,categories,data_sheet,detail,keywords,logo,medias,normal,others,picture,products,promotions,supercategories,thumbnail,thumbnails;;true
8796098297998;8796100919438;8796095021675;allDocuments,allowedPrincipals,assignedCockpitItemTemplates,categories,data_sheet,detail,keywords,logo,medias,normal,others,picture,products,promotions,supercategories,thumbnail,thumbnails;;true
8796139389534;;;;;true
8796093677569;8796102656001;8796162622059;productReferences;;true
8796128739934;;;;;true
8796128739934;8796145353310;;;8796094267393->8796103278593;true
8796129165918;8796145320542;8797046932075;allDocuments,assignedCockpitItemTemplates,icon;;true
8796094267393;8796103278593;8796202500715;productReferences;;true
8796095053825;8796104065025;8796260794987;productReferences;;true
8796139029086;8796145517150;8797047587435;allDocuments,assignedCockpitItemTemplates,icon;;true
8796139061854;8796145582686;8797047751275;allDocuments,assignedCockpitItemTemplates,icon;;true
8796095152129;8796104163329;8796268036715;productReferences;;true
8796095479809;8796104458241;8796312666731;productReferences;;true
8796126315102;;;;;true
8796126249566;;;;;true
8796126413406;;;;;true
8796126478942;8796146172510;8797050143339;allDocuments,assignedCockpitItemTemplates,icon;;true
8796126544478;8796146270814;8797050208875;allDocuments,assignedCockpitItemTemplates,icon;;true
8796126610014;;;;;true
8796126642782;;;;;true
8796137849438;8796146598494;8797050602091;allDocuments,assignedCockpitItemTemplates,icon;;true
8796137882206;;;;;true
8796138013278;8796146827870;8797051093611;allDocuments,assignedCockpitItemTemplates,icon;;true
8796138046046;8796146860638;8797051257451;allDocuments,assignedCockpitItemTemplates,icon;;true
8796138111582;;;;;true
8796138209886;8796147057246;8797051683435;allDocuments,assignedCockpitItemTemplates,icon;;true
8796125921886;;;;;true
8796136899166;;;;;true
8796137030238;8796148204126;8797060825707;allDocuments,assignedCockpitItemTemplates,icon;;true
8796136997470;8796148269662;8797060956779;allDocuments,assignedCockpitItemTemplates,icon;;true
8796137063006;;;;;true
8796096790529;8796106096641;8796403729003;allDocuments,europe1Discounts,europe1Prices,europe1Taxes,features,galleryImages,ownEurope1Discounts,ownEurope1Prices,ownEurope1Taxes,productReferences,untypedFeatures,variants,Europe1PriceFactory_PDG,Europe1PriceFactory_PPG,Europe1PriceFactory_PTG,articleStatus,assignedCockpitItemTemplates,buyerIDS,contentUnit,data_sheet,deliveryModes,detail,futureStocks,keywords,linkComponents,logo,normal,others,picture,productOrderLimit,stockLevels,supercategories,thumbnail,thumbnails,unit,vendors;;true
8796130902622;8796149023326;8797063971435;allDocuments,assignedCockpitItemTemplates,icon;;true
8796097282049;8796106489857;8796446917227;productReferences;;true
8796133392990;8796149383774;8797064430187;allDocuments,assignedCockpitItemTemplates,icon;;true
8796133392990;8796149449310;;;8796098265089->8796107505665;true
8796098265089;8796107505665;8796538274411;productReferences;;true
8796129919582;;;;;true
8796129886814;8796149711454;8797064790635;allDocuments,assignedCockpitItemTemplates,icon;;true
8796130017886;8796149776990;8797064856171;allDocuments,assignedCockpitItemTemplates,icon;;true
8796130050654;8796149842526;8797064954475;allDocuments,assignedCockpitItemTemplates,icon;;true
8796130148958;8796149940830;8797065052779;allDocuments,assignedCockpitItemTemplates,icon;;true
8796130083422;;;;;true
8796130247262;;;;;true
8796130345566;;;;;true
8796129428062;8796150301278;8797065314923;allDocuments,assignedCockpitItemTemplates,icon;;true
8796129493598;;;;;true
8796129624670;8796150596190;8797065642603;allDocuments,assignedCockpitItemTemplates,icon;;true
8796129657438;8796150661726;8797065708139;allDocuments,assignedCockpitItemTemplates,icon;;true
8796129493598;8796150694494;;;8796098494465->8796107735041;true
8796098494465;8796107735041;8796582511211;productReferences;;true
8796098658305;8796107997185;8796634251883;productReferences;;true
8796137128542;;;;;true
8796137390686;8796151022174;8797066068587;allDocuments,assignedCockpitItemTemplates,icon;;true
8796137292382;;;;;true
8796137488990;8796151087710;8797066166891;allDocuments,assignedCockpitItemTemplates,icon;;true
8796137521758;8796151186014;8797066199659;allDocuments,assignedCockpitItemTemplates,icon;;true
8796137554526;;;;;true
8796137587294;8796151284318;8797066265195;allDocuments,assignedCockpitItemTemplates,icon;;true
8796137128542;8796151317086;;;8796098723841->8796108062721;true
8796098723841;8796108062721;8796643361387;productReferences;;true
8796134343262;8796151415390;8797066396267;allDocuments,assignedCockpitItemTemplates,icon;;true
8796134376030;8796151513694;8797066494571;allDocuments,assignedCockpitItemTemplates,icon;;true
8796134441566;;;;;true
8796134507102;8796151611998;8797066560107;allDocuments,assignedCockpitItemTemplates,icon;;true
8796134441566;8796151677534;;;8796098854913->8796108193793;true
8796098854913;8796108193793;8796657123947;productReferences;;true
8796132999774;8796151775838;8797066658411;allDocuments,assignedCockpitItemTemplates,icon;;true
8796133032542;;;;;true
8796133098078;;;;;true
8796133163614;8796152005214;8797066920555;allDocuments,assignedCockpitItemTemplates,icon;;true
8796134539870;8796152070750;8797067018859;allDocuments,assignedCockpitItemTemplates,icon;;true
8796134605406;;;;;true
8796134638174;;;;;true
8796132606558;8796152562270;8797067641451;allDocuments,assignedCockpitItemTemplates,icon;;true
8796132508254;;;;;true
8796132639326;;;;;true
8796132672094;8796152791646;8797067870827;allDocuments,assignedCockpitItemTemplates,icon;;true
8796132508254;8796152824414;;;8796098985985->8796108324865;true
8796098985985;8796108324865;8796673442411;productReferences;;true
8796134802014;8796152922718;8797068165739;allDocuments,assignedCockpitItemTemplates,icon;;true
8796134933086;8796153021022;8797068296811;allDocuments,assignedCockpitItemTemplates,icon;;true
8796134900318;;;;;true
8796134933086;8796153086558;;;8796098953217->8796108292097;true
8796098953217;8796108292097;8796676719211;productReferences;;true
8796131918430;8796153184862;8797068558955;allDocuments,assignedCockpitItemTemplates,icon;;true
8796131983966;8796153283166;8797068624491;allDocuments,assignedCockpitItemTemplates,icon;;true
8796132049502;;;;;true
8796132016734;8796153414238;8797068788331;allDocuments,assignedCockpitItemTemplates,icon;;true
8796132082270;8796153479774;8797068886635;allDocuments,assignedCockpitItemTemplates,icon;;true
8796132147806;;;;;true
8796132115038;8796153578078;8797069017707;allDocuments,assignedCockpitItemTemplates,icon;;true
8796132049502;8796153643614;;;8796099018753->8796108357633;true
8796099018753;8796108357633;8796693398123;productReferences;;true
8796127724126;8796153774686;8797069410923;allDocuments,assignedCockpitItemTemplates,icon;;true
8796127789662;;;;;true
8796127822430;8796153872990;8797069541995;allDocuments,assignedCockpitItemTemplates,icon;;true
8796127855198;8796153938526;8797069640299;allDocuments,assignedCockpitItemTemplates,icon;;true
8796128084574;;;;;true
8796128051806;8796154036830;8797069771371;allDocuments,assignedCockpitItemTemplates,icon;;true
8796127789662;8796154102366;;;8796099051521->8796108390401;true
8796099051521;8796108390401;8796696281707;productReferences;;true
8796093088350;8796154200670;8797070000747;allDocuments,assignedCockpitItemTemplates,icon;;true
8796135850590;;;;;true
8796093055582;8796154298974;8797070131819;allDocuments,assignedCockpitItemTemplates,icon;;true
8796135916126;8796154397278;8797070262891;allDocuments,assignedCockpitItemTemplates,icon;;true
8796135981662;;;;;true
8796135948894;8796154495582;8797070361195;allDocuments,assignedCockpitItemTemplates,icon;;true
8796136014430;8796154593886;8797070459499;allDocuments,assignedCockpitItemTemplates,icon;;true
8796136079966;;;;;true
8796136047198;8796154724958;8797070557803;allDocuments,assignedCockpitItemTemplates,icon;;true
8796136112734;8796154790494;8797070688875;allDocuments,assignedCockpitItemTemplates,icon;;true
8796136145502;8796154888798;8797070819947;allDocuments,assignedCockpitItemTemplates,icon;;true
8796136211038;;;;;true
8796136243806;8796154987102;8797070951019;allDocuments,assignedCockpitItemTemplates,icon;;true
8796136309342;8796155085406;8797071049323;allDocuments,assignedCockpitItemTemplates,icon;;true
8796136276574;;;;;true
8796136342110;;;;;true
8796136407646;8796155282014;8797071311467;allDocuments,assignedCockpitItemTemplates,icon;;true
8796136571486;8796155380318;8797071442539;allDocuments,assignedCockpitItemTemplates,icon;;true
8796136538718;;;;;true
8796136604254;;;;;true
8796136669790;;;;;true
8796099084289;8796108423169;8796704997995;productReferences;;true
8796131361374;;;;;true
8796131557982;8796156101214;8797072425579;allDocuments,assignedCockpitItemTemplates,icon;;true
8796131590750;8796156199518;8797072556651;allDocuments,assignedCockpitItemTemplates,icon;;true
8796131689054;8796156297822;8797072687723;allDocuments,assignedCockpitItemTemplates,icon;;true
8796131787358;8796156396126;8797072818795;allDocuments,assignedCockpitItemTemplates,icon;;true
8796135457374;8796156527198;8797072949867;allDocuments,assignedCockpitItemTemplates,icon;;true
8796135490142;;;;;true
8796135686750;;;;;true
8796127035998;;;;;true
8796127199838;;;;;true
8796127298142;8796157182558;8797073310315;allDocuments,assignedCockpitItemTemplates,icon;;true
8796127035998;8796157280862;;;8796099837953->8796109176833;true
8796099837953;8796109176833;8796769550955;productReferences;;true
8796128576094;8796157379166;8797073408619;allDocuments,assignedCockpitItemTemplates,icon;;true
8796127330910;8796157346398;8797073375851;allDocuments,assignedCockpitItemTemplates,icon;;true
8796128608862;;;;;true
8796128608862;8796157543006;;;8796099772417->8796109144065;true
8796128674398;8796157608542;8797073506923;allDocuments,assignedCockpitItemTemplates,icon;;true
8796099772417;8796109144065;8796777939563;productReferences;;true
8796126839390;;;;;true
8796126839390;8796157805150;;;8796099870721->8796109209601;true
8796126937694;;;;;true
8796099870721;8796109209601;8796781511275;productReferences;;true
8796133655134;8796158034526;8797073637995;allDocuments,assignedCockpitItemTemplates,icon;;true
8796133622366;;;;;true
8796133524062;;;;;true
8796133687902;;;;;true
8796133950046;;;;;true
8796133917278;;;;;true
8796138340958;;;;;true
8796138439262;;;;;true
8796138340958;8796158657118;;;8796100493313->8796109897729;true
8796100493313;8796109897729;8796875915883;productReferences;;true
