<?xml version="1.0" encoding="UTF-8"?>
<!--
 Copyright (c) 2020 SAP SE or an SAP affiliate company. All rights reserved.
-->
<grid-view>
	<imageslot>
		<property qualifier="AbstractPage.previewImage.URL">
			<parameter>
				<name>defaultPreviewImage</name>
				<value>/cmscockpit/cmscockpit/images/ContentPageModel_nopreview.gif</value>
			</parameter>
		</property>
	</imageslot>
	<labelslot>
		<property qualifier="AbstractPage.name" />
	</labelslot>
	<descriptionslot>
		<property qualifier="AbstractPage.uid" />
	</descriptionslot>
	<shortinfoslot>
		<property qualifier="AbstractPage.catalogVersion.mnemonic"/>
	</shortinfoslot>
	<actionslot spring-bean="PersonalizeListActionColumn"/>
<!--	<specialactionslot>-->
<!--	</specialactionslot>-->
</grid-view>
