<?xml version="1.0" encoding="UTF-8"?>
<!--
 Copyright (c) 2019 SAP SE or an SAP affiliate company. All rights reserved
-->
<editor>

	<group qualifier="General" visible="true" initially-opened="true">
		<label key="cockpit.config.label.General" />
		<property qualifier="category.code" />
		<property qualifier="category.name" />
		<property qualifier="category.catalogversion"  editor="shortListEditor"/>
		<property qualifier="category.allowedPrincipals" />
		<property qualifier="category.description" >
			<parameter>
				<name>rows</name>
				<value>8</value>
			</parameter>
		</property>
		<property qualifier="category.keywords"/>
	</group>

	<group qualifier="Category" visible="true" initially-opened="false">
		<label key="config.general.categorystructure" />
		<property qualifier="category.supercategories"/>
		<property qualifier="category.categories"/>
		<property qualifier="category.contentBlocks"/>
	</group>

	<group qualifier="Multimedia" visible="true" initially-opened="false">
		<label key="config.general.multimedia" />
		<property qualifier="category.picture" editor="simpleMediaReferenceSelector">
			<parameter>
				<name>mimeTypes</name>
				<value>
					image/jpeg;image/gif;image/png
				</value>
	 		</parameter>
			<parameter>
				<name>allowCreate</name>
				<value>true</value>
			</parameter>
		</property>

		<property qualifier="category.thumbnail" editor="simpleMediaReferenceSelector">
			<parameter>
				<name>mimeTypes</name>
				<value>
					image/jpeg;image/gif;image/png
				</value>
	 		</parameter>
			<parameter>
				<name>allowCreate</name>
				<value>true</value>
			</parameter>
		</property>
		<property qualifier="category.data_sheet"  editor="mediaReferenceCollectionSelector"/>
		<property qualifier="category.detail"  editor="mediaReferenceCollectionSelector"/>
		<property qualifier="category.logo"  editor="mediaReferenceCollectionSelector"/>
		<property qualifier="category.normal"  editor="mediaReferenceCollectionSelector"/>
		<property qualifier="category.others"  editor="mediaReferenceCollectionSelector"/>
		<property qualifier="category.thumbnails"  editor="mediaReferenceCollectionSelector"/>
	</group>

	<group qualifier="admin" visible="true" initially-opened="false">
		<label key="config.general.administration" />
		<property qualifier="Item.pk" />
		<property qualifier="Item.creationTime" />
		<property qualifier="Item.modifiedtime" />
<!--		<property qualifier="Item.assignedCockpitItemTemplates"/>-->
	</group>

	<custom-group
		class="de.hybris.platform.cockpit.services.config.impl.UnassignedEditorSectionConfiguration"
		qualifier="unassigned"
		initially-opened="false">
		<label key="cockpit.config.label.Other" />
	</custom-group>


</editor>
