<?xml version="1.0" encoding="UTF-8"?>
<!--
 Copyright (c) 2019 SAP SE or an SAP affiliate company. All rights reserved
-->
<advanced-search>

	<group name="root" type="comment">
		<label key="config.general.searchfor" />
		<group name="general">
			<label key="cockpit.config.label.General" />
			<property qualifier="comment.subject" visible="true"/>
			<property qualifier="comment.text" visible="true"/>
			<property qualifier="comment.author" visible="true"/>
			<property qualifier="comment.relateditems" visible="true"/>
			<property qualifier="comment.attachments" visible="false"/>
			<property qualifier="comment.modifiedtime" visible="false"/>
			<property qualifier="comment.creationtime" visible="false"/>
		</group>
	</group>

</advanced-search>
