<?xml version="1.0" encoding="UTF-8"?>
<!--
 Copyright (c) 2019 SAP SE or an SAP affiliate company. All rights reserved
-->
<advanced-search>
	<group name="root" type="AttributeDescriptor">
		<label key="config.general.searchfor" />
		<group name="general">
			<label key="cockpit.config.label.General" />
			<property qualifier="AttributeDescriptor.qualifier" sort-enabled="true" visible="true"/>
			<property qualifier="AttributeDescriptor.enclosingtype" sort-enabled="true" visible="true"/>						
			<!--<property qualifier="Item.pk" sort-enabled="true" visible="false"/>-->
			<property qualifier="AttributeDescriptor.name" sort-enabled="true" visible="true"/>
			<property qualifier="AttributeDescriptor.extensionname" sort-enabled="true" visible="true"/>			
		</group>				
	</group>	
</advanced-search>
