<?xml version="1.0" encoding="UTF-8"?>
<!--
 Copyright (c) 2020 SAP SE or an SAP affiliate company. All rights reserved.
-->
<advanced-search>
	
	<group name="root" type="abstractrestriction">
		<label key="config.general.searchfor" />
		<group name="general">
			<label key="cockpit.config.label.General" />
			<property qualifier="abstractrestriction.uid" sort-enabled="true"/>
			<property qualifier="abstractrestriction.name" sort-enabled="true"/>
			<property qualifier="abstractrestriction.description" sort-enabled="false"/>
			<property qualifier="abstractrestriction.components" visible="false" sort-enabled="false"/>
			<property qualifier="abstractrestriction.pages" visible="false" sort-enabled="false"/>
			<property qualifier="abstractrestriction.type" visible="false" sort-enabled="false"/>
			<property qualifier="abstractrestriction.typeCode" visible="false" sort-enabled="false"/>
		</group>
	</group>
	
</advanced-search>
