<?xml version="1.0" encoding="UTF-8"?>
<!--
 Copyright (c) 2019 SAP SE or an SAP affiliate company. All rights reserved
-->
<advanced-search>

	<group name="root" type="abstractcomment">
		<label key="config.general.searchfor" />
		<group name="general">
			<label key="cockpit.config.label.General" />
			<property qualifier="abstractcomment.subject" visible="true"/>
			<property qualifier="abstractcomment.text" visible="true"/>
			<property qualifier="abstractcomment.attachments" visible="true"/>
			<property qualifier="abstractcomment.modifiedtime" visible="false"/>
			<property qualifier="abstractcomment.creationtime" visible="false"/>
		</group>
	</group>

</advanced-search>
