8796093875250;8796094006322;8797244326507;allDocuments,components,inverseRestrictions,pages,assignedCockpitItemTemplates,comments;;true
8796130968648;8796132869192;;;8796100002880->8796100559936;true
8796100002880;8796100559936;8797243409003;entries;;true
8796112946236;8796134212668;;;8796112815164->8796126053436,8796112847932->8796126118972;true
8796112815164;8796126053436;8797253075563;actions,allDocuments,containers,restrictions,slots,assignedCockpitItemTemplates,comments;8796112847932->8796126118972;true
8796112847932;8796126118972;8797253173867;allDocuments,components,restrictions,assignedCockpitItemTemplates,comments;;true
8796112946236;;;;;false
8796141519914;8796148499498;8797267690091;cmsComponents,assignedCockpitItemTemplates,comments,originalSlot;;true
8796121465916;8796133327932;8797267591787;actions,allDocuments,containers,restrictions,slots,assignedCockpitItemTemplates,comments;;true
8796141519914;8796148499498;8797267690091;cmsComponents,assignedCockpitItemTemplates,comments,originalSlot;;true
