<!--
 [y] hybris Platform

 Copyright (c) 2019 SAP SE or an SAP affiliate company. All rights reserved.
 The files in this addon are licensed under the Apache Software License, v. 2 
 except as noted otherwise in the LICENSE file.
-->
<project xmlns="http://maven.apache.org/POM/4.0.0" xmlns:xsi="http://www.w3.org/2001/XMLSchema-instance"
	xsi:schemaLocation="http://maven.apache.org/POM/4.0.0 http://maven.apache.org/xsd/maven-4.0.0.xsd">
	<modelVersion>4.0.0</modelVersion>
	<groupId>de.hybris.platform</groupId>
	<artifactId>spartacussampledataaddon</artifactId>
	<version>18.08.0-SNAPSHOT</version>

	<packaging>jar</packaging>

	<dependencies>
	</dependencies>
</project>