<?xml version="1.0" encoding="UTF-8"?>
<!--
 Copyright (c) 2019 SAP SE or an SAP affiliate company. All rights reserved
-->
<wizard-config showPrefilledValues="false" selectMode="true" createMode="true" createWithinPopup="false">
	<displayed-properties>
		<group qualifier="General" visible="true" initially-opened="false">
			<label key="cockpit.config.label.General" />
			<property qualifier="Discount.code" />
			<property qualifier="Discount.name" />
			<property qualifier="discount.value" />
			<property qualifier="discount.currency" />
		</group>

		<group qualifier="Additional" visible="true" initially-opened="false">
			<label key="cockpit.config.label.Additional" />
			<property qualifier="discount.priority"/>
			<property qualifier="discount.global"/>
			<property qualifier="discount.absolute"/>
		</group>
	</displayed-properties>
</wizard-config>




