<?xml version="1.0" encoding="UTF-8"?>
<!--
 Copyright (c) 2019 SAP SE or an SAP affiliate company. All rights reserved
-->
<editor>

	<group qualifier="General" visible="true" initially-opened="true">
		<label key="cockpit.config.label.General" />
		<property qualifier="classificationclass.code" />
		<property qualifier="classificationclass.name" />
		<property qualifier="classificationclass.externalID" />
		<property qualifier="classificationclass.catalogVersion" />
	</group>

	<group qualifier="Features" visible="true" initially-opened="true">
		<label key="config.general.features" />
		<property qualifier="classificationclass.declaredClassificationAttributeAssignments" />
		<property qualifier="classificationclass.showEmptyAttributes" />
	</group>

	<group qualifier="AttributeProperties" visible="true" initially-opened="false">
		<label key="config.general.attributes" />
		<property qualifier="classificationclass.allowedPrincipals" />
		<property qualifier="classificationclass.description" >
			<parameter>
				<name>rows</name>
				<value>8</value>
			</parameter>
		</property>
		<property qualifier="classificationclass.keywords" />
	</group>

	<group qualifier="CategoryStructure" visible="true" initially-opened="false">
		<label key="config.general.categorystructure" />
		<property qualifier="classificationclass.supercategories" />
		<property qualifier="classificationclass.categories" />
		<property qualifier="classificationclass.products" />
		<property qualifier="classificationclass.contentblocks" />
	</group>

	<group qualifier="Multimedia" visible="true" initially-opened="false">
		<label key="config.general.multimedia" />
		<property qualifier="classificationclass.picture" editor="simpleMediaReferenceSelector">
			<parameter>
				<name>mimeTypes</name>
				<value>
					image/jpeg;image/gif;image/png
				</value>
	 		</parameter>
			<parameter>
				<name>allowCreate</name>
				<value>true</value>
			</parameter>
		</property>

		<property qualifier="classificationclass.thumbnail" editor="simpleMediaReferenceSelector">
			<parameter>
				<name>mimeTypes</name>
				<value>
					image/jpeg;image/gif;image/png
				</value>
	 		</parameter>
			<parameter>
				<name>allowCreate</name>
				<value>true</value>
			</parameter>
		</property>
		<property qualifier="classificationclass.medias"  editor="mediaReferenceCollectionSelector"/>
		<property qualifier="classificationclass.data_sheet"  editor="mediaReferenceCollectionSelector"/>
		<property qualifier="classificationclass.detail"  editor="mediaReferenceCollectionSelector"/>
		<property qualifier="classificationclass.logo"  editor="mediaReferenceCollectionSelector"/>
		<property qualifier="classificationclass.normal"  editor="mediaReferenceCollectionSelector"/>
		<property qualifier="classificationclass.others"  editor="mediaReferenceCollectionSelector"/>
		<property qualifier="classificationclass.thumbnails"  editor="mediaReferenceCollectionSelector"/>
	</group>

	<group qualifier="admin" visible="true" initially-opened="false">
		<label key="config.general.administration" />
		<property qualifier="Item.pk" />
		<property qualifier="Item.creationTime" />
		<property qualifier="Item.modifiedtime" />
		<property qualifier="Item.assignedCockpitItemTemplates"/>
	</group>

	<custom-group
		class="de.hybris.platform.cockpit.services.config.impl.UnassignedEditorSectionConfiguration"
		qualifier="unassigned"
		initially-opened="false" visible="false">
		<label key="cockpit.config.label.Other" />
	</custom-group>
</editor>
