<?xml version="1.0" encoding="UTF-8"?>
<!--
 Copyright (c) 2019 SAP SE or an SAP affiliate company. All rights reserved
-->
<wizard-config  selectMode="true" createMode="false" activateAfterCreate="true" createWithinPopup="false" createWithinEditor="false">
	<displayed-properties>
		<group qualifier="General" visible="true" initially-opened="false">
			<label key="cockpit.config.label.General" />
			<property qualifier="Category.name"/>
		    <property qualifier="Category.code"/>
		    <property qualifier="ClassificationClass.catalogVersion"/>
		</group>
	</displayed-properties>
</wizard-config>



