<?xml version="1.0" encoding="UTF-8"?>
<!--
 Copyright (c) 2020 SAP SE or an SAP affiliate company. All rights reserved.
-->
<advanced-search>
	
	<group name="root" type="cmsitem">
		<label key="config.general.searchfor" />
		<group name="general">
			<label key="cockpit.config.label.General" />
			<property qualifier="cmsitem.uid" sort-enabled="true"/>
			<property qualifier="cmsitem.name" sort-enabled="true"/>
			<property qualifier="cmsitem.catalogVersion" sort-enabled="true"/>
		</group>
	</group>
	
</advanced-search>
