<?xml version="1.0" encoding="UTF-8"?>
<!--
 Copyright (c) 2019 SAP SE or an SAP affiliate company. All rights reserved
-->
<editor>
	<group qualifier="Generall" visible="true" initially-opened="true">
		<label key="cockpit.config.label.General" />
		
		<property qualifier="AbstractOrder.code" visible="true" />
		<property qualifier="AbstractOrder.user" visible="true"/>
		<property qualifier="AbstractOrder.currency" visible="true" />
		<property qualifier="AbstractOrder.totalPrice" visible="true"/>
		<property qualifier="AbstractOrder.net" visible="true"/>
		<property qualifier="AbstractOrder.totalTax" visible="true"/>
		<property qualifier="AbstractOrder.subtotal" visible="true"/>
		<property qualifier="AbstractOrder.status" visible="true"/>
		<property qualifier="AbstractOrder.date" visible="true" />
		<property qualifier="AbstractOrder.entries" visible="true"/>
	</group>
	<group qualifier="Discounts" visible="true" initially-opened="true">
		<label key="admincockpit.editorArea.discounts" />
		<property qualifier="AbstractOrder.totalDiscounts" visible="true"/>
		<property qualifier="AbstractOrder.discountsIncludeDeliveryCost" visible="true"/>
		<property qualifier="AbstractOrder.discountsIncludePaymentCost" visible="true"/>
		<property qualifier="AbstractOrder.discounts" visible="true"/>
	</group>
	<group qualifier="Payment" visible="true" initially-opened="true">
		<label key="admincockpit.editorArea.payment" />
		<property qualifier="AbstractOrder.paymentCost" visible="true"/>
		<property qualifier="AbstractOrder.paymentMode" visible="true"/>
		<property qualifier="AbstractOrder.paymentStatus" visible="true"/>
		<property qualifier="AbstractOrder.paymentAddress" visible="true"/>
		<property qualifier="AbstractOrder.paymentInfo" visible="true"/>
	</group>
	<group qualifier="Delivery" visible="true" initially-opened="true">
		<label key="admincockpit.editorArea.delivery" />
		<property qualifier="AbstractOrder.deliveryCost" visible="true"/>
		<property qualifier="AbstractOrder.deliveryMode" visible="true"/>
		<property qualifier="AbstractOrder.deliveryStatus" visible="true"/>
		<property qualifier="AbstractOrder.deliveryAddress" visible="true"/>
	</group>
	
</editor>
