<?xml version="1.0" encoding="UTF-8"?>
<!--
 Copyright (c) 2019 SAP SE or an SAP affiliate company. All rights reserved
-->
<editor>

	<group qualifier="General" visible="true" initially-opened="true">
		<label key="cockpit.config.label.General" />
		<property qualifier="comment.subject" />
		<property qualifier="comment.text">
			<parameter>
				<name>rows</name>
				<value>8</value>
			</parameter>
		</property>
		<property qualifier="comment.relateditems">
			<parameter>
				<name>allowCreate</name>
				<value>false</value>
			</parameter>
			<parameter>
				<name>allowAutocompletion</name>
				<value>true</value>
			</parameter>
			<parameter>
				<name>autocompletionSearchType</name>
				<value>Product</value>
			</parameter>
			<parameter>
				<name>restrictToCreateTypes</name>
				<value>Product+,Category+,Media,MediaContainer+,PriceRow+,Principal+,Voucher+,Promotion+</value>
			</parameter>
		</property>
		<property qualifier="comment.attachments">
			<parameter>
				<name>allowCreate</name>
				<value>true</value>
			</parameter>
			<parameter>
				<name>allowSelect</name>
				<value>false</value>
			</parameter>
			<parameter>
				<name>allowAutocompletion</name>
				<value>false</value>
			</parameter>
		</property>
	</group>

</editor>
