<?xml version="1.0" encoding="UTF-8"?>
<!--
 Copyright (c) 2019 SAP SE or an SAP affiliate company. All rights reserved
-->
<editor>

	<group qualifier="general" visible="true" initially-opened="true">
		<label key="cockpit.config.label.General" />
		<property qualifier="discountrow.product"/>
		<property qualifier="discountrow.discountString"/>
		<property qualifier="discountrow.user"/>
		<property qualifier="discountrow.ug"/>
		<property qualifier="discountrow.pg"/>
	</group>

	<group qualifier="additional" visible="true" initially-opened="false">
		<label key="cockpit.config.label.Additional" />
		<property qualifier="discountrow.value"/>
		<property qualifier="discountrow.currency"/>
		<property qualifier="discountrow.startTime"/>
		<property qualifier="discountrow.endTime"/>
		<property qualifier="discountrow.catalogVersion"/>
	</group>

	<custom-group
		class="de.hybris.platform.cockpit.services.config.impl.UnassignedEditorSectionConfiguration"
		qualifier="unassigned"
		initially-opened="false">
		<label key="cockpit.config.label.Other" />
	</custom-group>

	<group qualifier="admin" visible="true" initially-opened="false">
		<label key="config.general.administration" />
		<property qualifier="Item.pk" />
		<property qualifier="Item.creationTime" />
		<property qualifier="Item.modifiedtime" />
	</group>

</editor>
