<?xml version="1.0" encoding="UTF-8"?>
<!--
 Copyright (c) 2019 SAP SE or an SAP affiliate company. All rights reserved
-->
<editor>
	
	<group qualifier="ConstraintGroup" visible="true" initially-opened="true">
		<label key="config.general.mandatorydata" />
		<property qualifier="ConstraintGroup.id" />		
		<property qualifier="ConstraintGroup.constraints"  visible="true" />
	</group>
	
	<group qualifier="CoverageGroup" visible="true" initially-opened="true">
		<label key="admincockpit.editorArea.coverage" />
		<property qualifier="CoverageConstraintGroup.coverageDomainID" visible="true"/>		
		<property qualifier="CoverageConstraintGroup.dedicatedTypes" visible="true"/>
	</group>

	<group qualifier="admin" visible="true" initially-opened="false">
		<label key="cockpit.config.label.Other" />
		<property qualifier="ConstraintGroup.interfaceName" visible="true"/>	
		<property qualifier="Item.pk" />
		<property qualifier="Item.creationTime" />
		<property qualifier="Item.modifiedtime" />
	</group>
	
</editor>
