<?xml version="1.0" encoding="UTF-8"?>
<!--
 Copyright (c) 2020 SAP SE or an SAP affiliate company. All rights reserved.
-->
<content-editor hideEmpty="true" hideReadOnly="true" groupCollections="false">
  <template>
    <![CDATA[
    	<table width="100%" style="margin:0px;padding:0px" class="structViewCnt">
			<tbody>
				<tr>
					<td colspan="2"><div style="height:6px"/></td>
				</tr>
				<tr>
					<td><cockpit code="property" value="CMSParagraphComponent.content"/></td>
					<td><div style="height:6px"/></td>
				</tr>
			</tbody>
		</table>
    ]]>
  </template>
  <custom-editors>
    <property qualifier="CMSParagraphComponent.content" editorCode="wysiwyg">
    	<parameter>
    		<name>rows</name>
    		<value>25</value>
    	</parameter>
    	<parameter>
    		<name>labelWidth</name>
    		<value>80px</value>
    	</parameter>
    </property>
  </custom-editors>
</content-editor>
