<?xml version="1.0" encoding="UTF-8"?>
<!--
 Copyright (c) 2019 SAP SE or an SAP affiliate company. All rights reserved
-->
<wizard-config  showPrefilledValues="false" selectMode="true" createMode="true" createWithinPopup="false" createWithinEditor="false">
 <displayed-properties>
  <group qualifier="Essentials" visible="true" initially-opened="true">
   <label key="config.general.mandatorydata" />
   <property qualifier="Address.owner">
	<parameter name="restrictToCreateTypes" value="Principal"/>
   </property>
  </group>
 </displayed-properties>
</wizard-config>
