8796093056042;8796136145962;8797165552235;cmsComponents;;false
8796093121578;8796136113194;8797165519467;cmsComponents;;false
8796093154346;8796136178730;8797165585003;cmsComponents;;false
8796093187114;8796136211498;8797165617771;cmsComponents;;false
8796125955114;8796136375338;8797165781611;cmsComponents;;false
8796125824042;8796136408106;8797165814379;cmsComponents;;false
8796125987882;8796136440874;8797165847147;cmsComponents;;false
8796126053418;8796136473642;8797165879915;cmsComponents;;false
8796126020650;8796136506410;8797165912683;cmsComponents;;false
8796126151722;8796136604714;8797166010987;cmsComponents;;false
8796126086186;8796136571946;8797165978219;cmsComponents;;false
8796126184490;8796136637482;8797166043755;cmsComponents;;false
8796126217258;8796136670250;8797166109291;cmsComponents;;false
8796126250026;8796136768554;8797166174827;cmsComponents;;false
8796126348330;8796136834090;8797166305899;cmsComponents;;false
8796126577706;8796136997930;8797166404203;cmsComponents;;false
8796126544938;8796137030698;8797166469739;cmsComponents;;false
8796093056048;8796097610800;8797166666347;linkComponents;;false
8796093383728;8796097938480;8797167288939;linkComponents;;false
8796093514800;8796098036784;8797167551083;linkComponents;;false
8796093711408;8796098266160;8797167813227;linkComponents;;false
8796093776944;8796098331696;8797167878763;linkComponents;;false
8796093973552;;;;;false
8796094039088;;;;;false
8796126708778;8796137161770;8797170074219;cmsComponents;;false
8796126676010;8796137129002;8797170041451;cmsComponents;;false
8796126741546;8796137227306;8797170303595;cmsComponents;;false
8796126774314;8796137194538;8797170336363;cmsComponents;;false
8796126872618;8796137325610;8797170401899;cmsComponents;;false
8796126839850;8796137358378;8797170467435;cmsComponents;;false
8796126807082;8796137292842;8797170369131;cmsComponents;;false
8796126905386;8796137260074;8797170434667;cmsComponents;;false
8796126938154;8796137391146;8797170532971;cmsComponents;;false
8796126970922;8796137423914;8797170500203;cmsComponents;;false
8796127003690;8796137456682;8797170565739;cmsComponents;;false
8796127036458;8796137489450;8797170598507;cmsComponents;;false
8796127101994;8796137522218;8797170631275;cmsComponents;;false
8796127069226;8796137554986;8797170664043;cmsComponents;;false
8796127167530;8796137587754;8797170729579;cmsComponents;;false
8796127233066;8796137686058;8797170795115;cmsComponents;;false
8796127134762;8796137620522;8797170762347;cmsComponents;;false
8796198207518;;;;8796094170160->8796098659376;false
8796198207518;;;;8796094104624->8796098593840;false
8796198207518;;;;8796094202928->8796098561072;false
8796094170160;8796098724912;8797170893419;allDocuments,previewImage,assignedCockpitItemTemplates,comments,localizedPages,lockedBy,navigationNodeList,originalPage,pageStatus,restrictions,robotTag;;false
8796094104624;8796098757680;8797170926187;allDocuments,previewImage,assignedCockpitItemTemplates,comments,localizedPages,lockedBy,navigationNodeList,originalPage,pageStatus,restrictions,robotTag;;false
8796094202928;8796098823216;8797170991723;allDocuments,previewImage,assignedCockpitItemTemplates,comments,localizedPages,lockedBy,navigationNodeList,originalPage,pageStatus,restrictions,robotTag;;false
8796094465072;;;;;false
8796094530608;;;;;false
8796094563376;;;;;false
8796094596144;;;;;false
8796094628912;;;;;false
8796093187132;8796111209532;8797171712619;navigationNodes;;false
8796093678652;8796111799356;8797172400747;navigationNodes;;false
8796093744188;8796111864892;8797172466283;navigationNodes;;false
8796094497852;8796112618556;8797173154411;containers;;false
8796094465084;8796112585788;8797173187179;lightboxBannerComponent;;false
8796094530620;8796112651324;8797173219947;containers;;false
8796094563388;8796112684092;8797173252715;containers;;false
8796094596156;8796112716860;8797173285483;containers;;false
8796094694460;8796112815164;8797173416555;actions;;false
8796094727228;8796112847932;8797173449323;components;;false
8796094759996;8796112880700;8797173514859;components;;false
8796094792764;8796112913468;8797173580395;components;;false
8796095022140;8796113110076;8797173809771;slots;;false
8796095218748;8796113273916;8797173940843;actions;;false
8796095153212;8796113470524;8797174039147;allDocuments,actions,assignedCockpitItemTemplates,comments,containers,restrictions,slots;;true
8796095185980;8796113404988;8797174006379;allDocuments,actions,assignedCockpitItemTemplates,comments,containers,restrictions,slots;;true
8796095251516;8796113437756;8797173973611;allDocuments,actions,assignedCockpitItemTemplates,comments,containers,restrictions,slots;;true
8796093121586;8796093711410;8797174071915;pages;;false
8796093088818;8796093744178;8797174104683;pages;;false
8796093056064;8796097741888;8797174202987;children;;false
8796093121600;8796097807424;8797174268523;children,entries,parent;;false
8796093088832;8796097774656;8797174301291;children,entries,parent;;false
8796093154368;8796097872960;8797174366827;children;;false
8796093187136;8796097840192;8797174399595;entries,parent;;false
8796093219904;8796097905728;8797174432363;children;;false
8796093252672;8796097938496;8797174465131;children;;false
8796093350976;8796098036800;8797174530667;entries,parent;;false
8796093383744;8796098069568;8797174563435;children,entries,parent;;false
8796093416512;8796098102336;8797174628971;entries,parent;;false
8796093285440;8796098004032;8797174596203;children;;false
8796093449280;8796098135104;8797174661739;children,parent;;false
8796093482048;8796098167872;8797174694507;children;;false
8796093514816;8796098200640;8797174727275;entries;;false
8796093547584;8796098233408;8797174760043;children;;false
8796093580352;8796098266176;8797174792811;children,parent;;false
8796093613120;8796098298944;8797174825579;entries;;false
8796093645888;8796098331712;8797174858347;children,parent;;false
8796095677500;8796113896508;8797176758891;rotatingComponent;;false
8796095775804;8796113994812;8797176889963;banners;;false
8796095710268;8796113929276;8797176857195;rotatingComponent;;false
8796127331370;8796137784362;8797177021035;cmsComponents;;false
8796127298602;8796137751594;8797177053803;cmsComponents;;false
8796127364138;8796137817130;8797177086571;cmsComponents;;false
8796127396906;8796137849898;8797177119339;cmsComponents;;false
8796127462442;8796137882666;8797177152107;cmsComponents;;false
8796127429674;8796137915434;8797177184875;cmsComponents;;false
8796093154354;8796093776946;8797177217643;pages;;false
8796095808572;8796114027580;8797177250411;slots;;false
8796095841340;8796114060348;8797177643627;slots;;false
8796095874108;8796114093116;8797177774699;slots;;false
8796095906876;8796114125884;8797177905771;slots;;false
8796095939644;8796114158652;8797178004075;slots;;false
8796127495210;8796137948202;8797178069611;cmsComponents;;false
8796095972412;8796114191420;8797178331755;slots;;false
8796127527978;8796137980970;8797178430059;cmsComponents;;false
8796127560746;8796138013738;8797178593899;cmsComponents;;false
8796127593514;8796138046506;8797178724971;cmsComponents;;false
8796096070716;8796114322492;8797178888811;slots;;false
8796096234556;8796114420796;8797179150955;slots;;false
8796096267324;8796114486332;8797179183723;slots;;false
8796127724586;8796138177578;8797179216491;cmsComponents;;false
8796127790122;8796138243114;8797179347563;cmsComponents;;false
8796127822890;8796138275882;8797179478635;cmsComponents;;false
8796127921194;8796138374186;8797179544171;cmsComponents;;false
8796127855658;8796138406954;8797179642475;allDocuments,assignedCockpitItemTemplates,cmsComponents,comments,originalSlot;;true
8796096300092;8796114519100;8797179708011;slots;;false
8796127986730;8796138472490;8797179773547;cmsComponents;;false
8796096332860;8796114551868;8797179839083;slots;;false
8796096365628;8796114584636;8797179871851;slots;;false
8796128052266;8796138538026;8797179937387;cmsComponents;;false
8796096398396;8796114617404;8797179904619;slots;;false
8796096463932;8796114650172;8797180035691;slots;;false
8796096431164;8796114682940;8797180002923;slots;;false
8796096496700;8796114715708;8797180068459;slots;;false
8796096529468;8796114748476;8797180166763;slots;;false
8796096562236;8796114781244;8797180199531;slots;;false
8796096595004;8796114814012;8797180232299;slots;;false
8796096693308;8796114846780;8797180297835;slots;;false
8796096660540;8796114912316;8797180330603;slots;;false
8796096758844;8796114945084;8797180363371;slots;;false
8796096726076;8796114977852;8797180396139;slots;;false
8796096824380;8796115043388;8797180428907;slots;;false
8796096889916;8796115076156;8797180494443;slots;;false
8796096791612;8796115010620;8797180461675;slots;;false
8796096857148;8796115108924;8797180527211;slots;;false
8796096922684;8796115141692;8797180559979;actions;;false
8796096955452;8796115174460;8797180592747;actions,slots;;false
8796096988220;8796115207228;8797180625515;slots;;false
8796097152060;8796115338300;8797180723819;slots;;false
8796097119292;8796115371068;8797180789355;slots;;false
8796097184828;8796115436604;8797180854891;slots;;false
8796097348668;8796115567676;8797180985963;slots;;false
8796128478250;8796138931242;8797181444715;cmsComponents;;false
8796097512508;8796115698748;8797181936235;media;;false
8796097479740;8796115731516;8797181969003;media;;false
8796097545276;8796115764284;8797182001771;media;;false
8796097610812;8796115829820;8797182034539;media;;false
8796097578044;8796115862588;8797182067307;allDocuments,actions,assignedCockpitItemTemplates,comments,containers,media,restrictions,slots;;true
8796097709116;8796115928124;8797182100075;media;;false
8796097643580;8796115960892;8797182132843;media;;false
8796097741884;8796115993660;8797182165611;media;;false
8796097807420;8796116059196;8797182198379;media;;false
8796097774652;8796116091964;8797182231147;allDocuments,actions,assignedCockpitItemTemplates,comments,containers,media,restrictions,slots;;true
8796097840188;8796116124732;8797182296683;media,slots;;false
8796097938492;8796116223036;8797182394987;media,slots;;false
8796097905724;8796116255804;8797182427755;allDocuments,actions,assignedCockpitItemTemplates,comments,containers,restrictions,slots;;true
8796093187122;8796093809714;8797182493291;pages;;false
8796094759984;8796099183664;8797182526059;restrictions;;false
8796097971260;8796116288572;8797182558827;media,slots;;false
8796098004028;8796116321340;8797182624363;media,slots;;false
8796098069564;8796116386876;8797182657131;media,slots;;false
8796098036796;8796116354108;8797182689899;media,slots;;false
8796098135100;8796116452412;8797182722667;media,slots;;false
8796098102332;8796116419644;8797182755435;media,slots;;false
8796098167868;8796116485180;8797182788203;media,slots;;false
8796098200636;8796116517948;8797182820971;media,slots;;false
8796129133610;8796139619370;8797182886507;cmsComponents;;false
8796093678656;8796098364480;8797183181419;entries,parent;;false
8796093744192;8796098397248;8797183246955;entries,parent;;false
8796093776960;8796098462784;8797183279723;entries,parent;;false
8796093809728;8796098495552;8797183312491;entries,parent;;false
8796093875264;8796098528320;8797183345259;entries,parent;;false
8796093711424;8796098430016;8797183378027;children;;false
8796093842496;8796098561088;8797183410795;entries,parent;;false
8796093940800;8796098626624;8797183443563;entries;;false
8796093908032;8796098593856;8797183476331;entries;;false
8796093973568;8796098659392;8797183509099;entries;;false
8796125987912;8796129526856;8797183869547;navigationNode;;false
8796094006336;8796098724928;8797183935083;parent;;false
8796094039104;8796098692160;8797183902315;children;;false
8796098528316;8796116878396;8797183967851;restrictions;;false
8796093252658;;;;;false
8796098659388;8796116976700;8797184033387;slots;;false
8796098692156;8796117009468;8797184066155;slots;;false
8796098724924;8796117042236;8797184098923;slots;;false
8796098757692;8796117075004;8797184164459;slots;;false
8796098790460;8796117140540;8797184295531;slots;;false
8796098823228;8796117107772;8797184328299;slots;;false
8796126020680;;;;;false
8796094071872;8796098757696;8797184459371;entries;;false
8796098888764;8796117206076;8797184492139;slots;;false
8796098921532;8796117238844;8797184590443;slots;;false
8796129297450;8796139815978;8797184623211;cmsComponents;;false
8796098954300;8796117369916;8797184721515;allDocuments,actions,assignedCockpitItemTemplates,comments,containers,restrictions,slots;;true
8796099019836;8796117435452;8797184787051;allDocuments,actions,assignedCockpitItemTemplates,comments,containers,restrictions,slots;;true
8796099052604;8796117402684;8797184754283;slots;;false
8796129428522;8796139914282;8797184852587;cmsComponents;;false
8796099085372;8796117468220;8797184885355;slots;;false
8796099118140;8796117500988;8797184983659;navigationNode;;false
8796094137408;8796098856000;8797185245803;entries;;false
8796094202944;8796098823232;8797185278571;entries;;false
8796094170176;8796098888768;8797185311339;entries;;false
8796094301248;8796098954304;8797185344107;entries;;false
8796094235712;8796098921536;8797185376875;entries;;false
8796094268480;8796098987072;8797185409643;entries;;false
8796094399552;8796099085376;8797185442411;entries;;false
8796094334016;8796099052608;8797185475179;entries;;false
8796094366784;8796099019840;8797185507947;entries;;false
8796094432320;8796099118144;8797185540715;entries;;false
8796094465088;8796099150912;8797185573483;entries;;false
8796094497856;8796099183680;8797185606251;entries;;false
8796094530624;8796099216448;8797185639019;entries;;false
8796094563392;8796099249216;8797185671787;entries;;false
8796094596160;8796099281984;8797185704555;entries;;false
8796094628928;8796099314752;8797185737323;entries;;false
8796094661696;8796099347520;8797185770091;entries;;false
8796094694464;8796099380288;8797185802859;entries;;false
8796099183676;8796117566524;8797186425451;navigationNode;;false
8796094760000;8796099445824;8797186458219;entries;;false
8796094825536;8796099478592;8797186523755;entries;;false
8796094792768;8796099511360;8797186556523;entries;;false
8796094858304;8796099544128;8797186589291;entries;;false
8796094891072;8796099576896;8797186622059;entries;;false
8796094923840;8796099609664;8797186654827;entries;;false
8796094956608;8796099642432;8797186687595;entries;;false
8796094989376;8796099675200;8797186720363;entries;;false
8796099249212;8796117894204;8797187408491;allDocuments,actions,assignedCockpitItemTemplates,comments,containers,media,restrictions,slots;;true
8796097119296;8796099707968;8797187965547;children;;false
8796097184832;8796099740736;8797187998315;entries,parent;;false
8796097250368;8796099806272;8797188031083;entries;;false
8796097283136;8796099839040;8797188063851;entries;;false
8796097217600;8796099871808;8797188129387;entries;;false
8796097152064;8796099773504;8797188096619;entries;;false
8796097315904;8796099904576;8797188162155;entries;;false
8796109014076;8796118418492;8797188391531;restrictions;;false
8796134573098;8796140012586;8797189440107;cmsComponents;;false
8796488204318;;;;8796096693296->8796099249200;false
8796488204318;;;;8796096627760->8796099281968;false
8796488204318;;;;8796096660528->8796099216432;false
8796096660528;8796099380272;8797189538411;allDocuments,previewImage,assignedCockpitItemTemplates,comments,localizedPages,lockedBy,navigationNodeList,originalPage,pageStatus,restrictions,robotTag;;false
8796096693296;8796099347504;8797189571179;allDocuments,previewImage,assignedCockpitItemTemplates,comments,localizedPages,lockedBy,navigationNodeList,originalPage,pageStatus,restrictions,robotTag;;false
8796096627760;8796099478576;8797189636715;allDocuments,previewImage,assignedCockpitItemTemplates,comments,localizedPages,lockedBy,navigationNodeList,originalPage,pageStatus,restrictions,robotTag;;false
8796096857136;;;;;false
8796134802474;8796140078122;8797190029931;cmsComponents;;false
8796109440060;8796118582332;8797190095467;allDocuments,actions,assignedCockpitItemTemplates,comments,containers,restrictions,slots;;true
8796134900778;8796140143658;8797190193771;cmsComponents;;false
8796134966314;8796140241962;8797190423147;cmsComponents;;false
8796109472828;8796118713404;8797190455915;allDocuments,actions,assignedCockpitItemTemplates,comments,containers,restrictions,slots;;true
8796134999082;8796140274730;8797190619755;cmsComponents;;false
8796097676352;8796099937344;8797190816363;entries;;false
8796135097386;8796140373034;8797190947435;cmsComponents;;false
8796135162922;8796140438570;8797191078507;cmsComponents;;false
8796109767740;8796118975548;8797191111275;slots;;false
8796109800508;8796118942780;8797191176811;actions;;false
8796135195690;8796140471338;8797191275115;cmsComponents;;false
8796109898812;8796119106620;8797191471723;allDocuments,actions,assignedCockpitItemTemplates,comments,containers,restrictions,slots;;true
8796093318191;;;;;true
8796095087663;;;;;false
8796095120431;;;;;false
8796095218735;;;;;false
8796370599966;8796500131870;8797204578923;mediaContainer;;false
8796370665502;8796500164638;8797204611691;mediaContainer;;false
8796370632734;8796500197406;8797204644459;mediaContainer;;false
8796370731038;8796500262942;8797204677227;mediaContainer;;false
8796370698270;8796500230174;8797204709995;mediaContainer;;false
8796370796574;8796500328478;8797204775531;mediaContainer;;false
8796370763806;8796500295710;8797204742763;mediaContainer;;false
8796370829342;8796500361246;8797204808299;mediaContainer;;false
8796371124254;8796500394014;8797204841067;mediaContainer;;false
8796371157022;8796500426782;8797204873835;mediaContainer;;false
8796371222558;8796500492318;8797204939371;mediaContainer;;false
8796371189790;8796500459550;8797204906603;mediaContainer;;false
8796371255326;8796500525086;8797204972139;mediaContainer;;false
8796371517470;8796500590622;8797205037675;mediaContainer;;false
8796371288094;8796500557854;8797205004907;mediaContainer;;false
8796371550238;8796500623390;8797205070443;mediaContainer;;false
8796371583006;8796500656158;8797205103211;mediaContainer;;false
8796371615774;8796500688926;8797205135979;mediaContainer;;false
8796371648542;8796500721694;8797205168747;mediaContainer;;false
8796371943454;8796500787230;8797205201515;mediaContainer;;false
8796371910686;8796500819998;8797205267051;mediaContainer;;false
8796371681310;8796500754462;8797205234283;mediaContainer;;false
8796371976222;8796500852766;8797205299819;mediaContainer;;false
8796372008990;8796500885534;8797205332587;mediaContainer;;false
8796372041758;8796500918302;8797205365355;mediaContainer;;false
8796372074526;8796500951070;8797205398123;mediaContainer;;false
8796372140062;8796500983838;8797205463659;mediaContainer;;false
8796372107294;8796501016606;8797205430891;mediaContainer;;false
8796372500510;8796501082142;8797205529195;mediaContainer;;false
8796372434974;8796501049374;8797205561963;mediaContainer;;false
8796372467742;8796501114910;8797205496427;mediaContainer;;false
8796372533278;8796501147678;8797205594731;mediaContainer;;false
8796372697118;8796501180446;8797205660267;mediaContainer;;false
8796372729886;8796501245982;8797205693035;mediaContainer;;false
8796372762654;8796501213214;8797205627499;mediaContainer;;false
8796372795422;8796501278750;8797205725803;mediaContainer;;false
8796372959262;8796501377054;8797205824107;mediaContainer;;false
8796372992030;8796501409822;8797205758571;mediaContainer;;false
8796373155870;8796501344286;8797205856875;mediaContainer;;false
8796373024798;8796501311518;8797205791339;mediaContainer;;false
8796373188638;8796501442590;8797205955179;mediaContainer;;false
8796373286942;8796501540894;8797205987947;mediaContainer;;false
8796373319710;8796501508126;8797205889643;mediaContainer;;false
8796373418014;8796501475358;8797205922411;mediaContainer;;false
8796373680158;8796501639198;8797206020715;mediaContainer;;false
8796373549086;8796501606430;8797206086251;mediaContainer;;false
8796373581854;8796501573662;8797206053483;mediaContainer;;false
8796373450782;8796501671966;8797206119019;mediaContainer;;false
8796373843998;8796501704734;8797206151787;mediaContainer;;false
8796373942302;8796501770270;8797206250091;mediaContainer;;false
8796373712926;8796501803038;8797206217323;mediaContainer;;false
8796373811230;8796501737502;8797206184555;mediaContainer;;false
8796373975070;8796501835806;8797206282859;mediaContainer;;false
8796374204446;8796501868574;8797206315627;mediaContainer;;false
8796374171678;8796501966878;8797206348395;mediaContainer;;false
8796374007838;8796501901342;8797206381163;mediaContainer;;false
8796374138910;8796501934110;8797206413931;mediaContainer;;false
8796374237214;8796501999646;8797206446699;mediaContainer;;false
8796376039454;8796502032414;8797206479467;mediaContainer;;false
8796376104990;8796502065182;8797206512235;mediaContainer;;false
8796376072222;8796502097950;8797206545003;mediaContainer;;false
8796376137758;8796502130718;8797206577771;mediaContainer;;false
8796376170526;8796502163486;8797206610539;mediaContainer;;false
8796376399902;8796502261790;8797206708843;mediaContainer;;false
8796376203294;8796502229022;8797206643307;mediaContainer;;false
8796376236062;8796502196254;8797206676075;mediaContainer;;false
8796376563742;8796502294558;8797206741611;mediaContainer;;false
8796376596510;8796502327326;8797206774379;mediaContainer;;false
8796376662046;8796502392862;8797206807147;mediaContainer;;false
8796376629278;8796502360094;8797206839915;mediaContainer;;false
8796376694814;8796502425630;8797206872683;mediaContainer;;false
8796376727582;8796502458398;8797206905451;mediaContainer;;false
8796377055262;8796502556702;8797206938219;mediaContainer;;false
8796376989726;8796502491166;8797206970987;mediaContainer;;false
8796376956958;8796502523934;8797207036523;mediaContainer;;false
8796377022494;8796502589470;8797207003755;mediaContainer;;false
8796377088030;8796502622238;8797207069291;mediaContainer;;false
8796377382942;8796502655006;8797207102059;mediaContainer;;false
8796377350174;8796502720542;8797207134827;mediaContainer;;false
8796377448478;8796502786078;8797207233131;mediaContainer;;false
8796377415710;8796502753310;8797207200363;mediaContainer;;false
8796377120798;8796502687774;8797207167595;mediaContainer;;false
8796377514014;8796502851614;8797207298667;mediaContainer;;false
8796377481246;8796502818846;8797207265899;mediaContainer;;false
8796377579550;8796502917150;8797207364203;mediaContainer;;false
8796377546782;8796502884382;8797207331435;mediaContainer;;false
8796377808926;8796502949918;8797207396971;mediaContainer;;false
8796377874462;8796502982686;8797207429739;mediaContainer;;false
8796378136606;8796503080990;8797207462507;mediaContainer;;false
8796377841694;8796503015454;8797207495275;mediaContainer;;false
8796377907230;8796503048222;8797207528043;mediaContainer;;false
8796378169374;8796503146526;8797207593579;mediaContainer;;false
8796378202142;8796503113758;8797207560811;mediaContainer;;false
8796378234910;8796503179294;8797207626347;mediaContainer;;false
8796378398750;8796503212062;8797207659115;mediaContainer;;false
8796378464286;8796503244830;8797207691883;mediaContainer;;false
8796378431518;8796503310366;8797207757419;mediaContainer;;false
8796378595358;8796503277598;8797207724651;mediaContainer;;false
8796378628126;8796503343134;8797207790187;mediaContainer;;false
8796378726430;8796503375902;8797207822955;mediaContainer;;false
8796378857502;8796503408670;8797207855723;mediaContainer;;false
8796378759198;8796503441438;8797207888491;mediaContainer;;false
8796378890270;8796503474206;8797207921259;mediaContainer;;false
8796378988574;8796503506974;8797207954027;mediaContainer;;false
8796379119646;8796503539742;8797207986795;mediaContainer;;false
8796379021342;8796503572510;8797208019563;mediaContainer;;false
8796379250718;8796503605278;8797208052331;mediaContainer;;false
8796379152414;8796503638046;8797208085099;mediaContainer;;false
8796379381790;8796503703582;8797208150635;mediaContainer;;false
8796379283486;8796503670814;8797208117867;mediaContainer;;false
8796379447326;8796503736350;8797208183403;mediaContainer;;false
8796379414558;8796503769118;8797208216171;mediaContainer;;false
8796379578398;8796503834654;8797208281707;mediaContainer;;false
8796379611166;8796503801886;8797208248939;mediaContainer;;false
8796379643934;8796503867422;8797208314475;mediaContainer;;false
8796379676702;8796503900190;8797208347243;mediaContainer;;false
8796381577246;8796504031262;8797208380011;mediaContainer;;false
8796381478942;8796503932958;8797208445547;mediaContainer;;false
8796381511710;8796503965726;8797208412779;mediaContainer;;false
8796381610014;8796503998494;8797208478315;mediaContainer;;false
8796381642782;8796504064030;8797208543851;mediaContainer;;false
8796381544478;8796504096798;8797208609387;mediaContainer;;false
8796381675550;8796504162334;8797208576619;mediaContainer;;false
8796381708318;8796504129566;8797208511083;mediaContainer;;false
8796382035998;8796504227870;8797208642155;mediaContainer;;false
8796382068766;8796504293406;8797208707691;mediaContainer;;false
8796382101534;8796504260638;8797208674923;mediaContainer;;false
8796382003230;8796504195102;8797208740459;mediaContainer;;false
8796382167070;8796504326174;8797208773227;mediaContainer;;false
8796382396446;8796504358942;8797208805995;mediaContainer;;false
8796382429214;8796504424478;8797208838763;mediaContainer;;false
8796382134302;8796504391710;8797208871531;mediaContainer;;false
8796382461982;8796504457246;8797208904299;mediaContainer;;false
8796382560286;8796504555550;8797208937067;mediaContainer;;false
8796382494750;8796504522782;8797209002603;mediaContainer;;false
8796382527518;8796504490014;8797208969835;mediaContainer;;false
8796382789662;8796504588318;8797209035371;mediaContainer;;false
8796382822430;8796504621086;8797209068139;mediaContainer;;false
8796382855198;8796504686622;8797209133675;mediaContainer;;false
8796382887966;8796504653854;8797209100907;mediaContainer;;false
8796382920734;8796504719390;8797209166443;mediaContainer;;false
8796382953502;8796504752158;8797209199211;mediaContainer;;false
8796383019038;8796504784926;8797209231979;mediaContainer;;false
8796383313950;8796504850462;8797209330283;mediaContainer;;false
8796383346718;8796504883230;8797209297515;mediaContainer;;false
8796382986270;8796504817694;8797209264747;mediaContainer;;false
8796383412254;8796504948766;8797209395819;mediaContainer;;false
8796383608862;8796505014302;8797209363051;mediaContainer;;false
8796383379486;8796504915998;8797209461355;mediaContainer;;false
8796383576094;8796504981534;8797209428587;mediaContainer;;false
8796383871006;8796505112606;8797209494123;mediaContainer;;false
8796383641630;8796505079838;8797209526891;mediaContainer;;false
8796383838238;8796505145374;8797209592427;mediaContainer;;false
8796383674398;8796505047070;8797209559659;mediaContainer;;false
8796384034846;8796505210910;8797209657963;mediaContainer;;false
8796383903774;8796505178142;8797209625195;mediaContainer;;false
8796384067614;8796505243678;8797209690731;mediaContainer;;false
8796384165918;8796505276446;8797209723499;mediaContainer;;false
8796384198686;8796505341982;8797209789035;mediaContainer;;false
8796384296990;8796505309214;8797209756267;mediaContainer;;false
8796384329758;8796505374750;8797209821803;mediaContainer;;false
8796384428062;8796505407518;8797209854571;mediaContainer;;false
8796384559134;8796505440286;8797209887339;mediaContainer;;false
8796384460830;8796505473054;8797209920107;mediaContainer;;false
8796384591902;8796505505822;8797209952875;mediaContainer;;false
8796384690206;8796505538590;8797209985643;mediaContainer;;false
8796384722974;8796505571358;8797210018411;mediaContainer;;false
8796384854046;8796505604126;8797210051179;mediaContainer;;false
8796384821278;8796505636894;8797210083947;mediaContainer;;false
8796384886814;8796505669662;8797210116715;mediaContainer;;false
8796385017886;8796505702430;8797210149483;mediaContainer;;false
8796385050654;8796505735198;8797210182251;mediaContainer;;false
8796385083422;8796505767966;8797210215019;mediaContainer;;false
8796385116190;8796505800734;8797210247787;mediaContainer;;false
8796386951198;8796505899038;8797210280555;mediaContainer;;false
8796386918430;8796505833502;8797210346091;mediaContainer;;false
8796387016734;8796505931806;8797210378859;mediaContainer;;false
8796386983966;8796505866270;8797210313323;mediaContainer;;false
8796387049502;8796505964574;8797210411627;mediaContainer;;false
8796387147806;8796506030110;8797210477163;mediaContainer;;false
8796387115038;8796505997342;8797210444395;mediaContainer;;false
8796387082270;8796506062878;8797210509931;mediaContainer;;false
8796387475486;8796506128414;8797210542699;mediaContainer;;false
8796387442718;8796506161182;8797210608235;mediaContainer;;false
8796387508254;8796506095646;8797210575467;mediaContainer;;false
8796387541022;8796506193950;8797210641003;mediaContainer;;false
8796387573790;8796506259486;8797210706539;mediaContainer;;false
8796387835934;8796506292254;8797210673771;mediaContainer;;false
8796387606558;8796506226718;8797210739307;mediaContainer;;false
8796387868702;8796506325022;8797210772075;mediaContainer;;false
8796387901470;8796506357790;8797210804843;mediaContainer;;false
8796387999774;8796506456094;8797210870379;mediaContainer;;false
8796387967006;8796506423326;8797210903147;mediaContainer;;false
8796387934238;8796506390558;8797210837611;mediaContainer;;false
8796388229150;8796506488862;8797210935915;mediaContainer;;false
8796388360222;8796506587166;8797210968683;mediaContainer;;false
8796388294686;8796506554398;8797211034219;mediaContainer;;false
8796388327454;8796506619934;8797211001451;mediaContainer;;false
8796388261918;8796506521630;8797211066987;mediaContainer;;false
8796388392990;8796506652702;8797211099755;mediaContainer;;false
8796388425758;8796506718238;8797211165291;mediaContainer;;false
8796388458526;8796506685470;8797211132523;mediaContainer;;false
8796388687902;8796506751006;8797211198059;mediaContainer;;false
8796388655134;8796506783774;8797211230827;mediaContainer;;false
8796389015582;8796506816542;8797211263595;mediaContainer;;false
8796388753438;8796506849310;8797211296363;mediaContainer;;false
8796388720670;8796506882078;8797211329131;mediaContainer;;false
8796389048350;8796506914846;8797211361899;mediaContainer;;false
8796389081118;8796506947614;8797211394667;mediaContainer;;false
8796389113886;8796506980382;8797211427435;mediaContainer;;false
8796389277726;8796507045918;8797211492971;mediaContainer;;false
8796389310494;8796507013150;8797211460203;mediaContainer;;false
8796389343262;8796507078686;8797211525739;mediaContainer;;false
8796389507102;8796507111454;8797211558507;mediaContainer;;false
8796389474334;8796507144222;8797211591275;mediaContainer;;false
8796389605406;8796507176990;8797211624043;mediaContainer;;false
8796389638174;8796507209758;8797211656811;mediaContainer;;false
8796389736478;8796507242526;8797211689579;mediaContainer;;false
8796389998622;8796507340830;8797211787883;mediaContainer;;false
8796389900318;8796507373598;8797211820651;mediaContainer;;false
8796389867550;8796507275294;8797211722347;mediaContainer;;false
8796389769246;8796507308062;8797211755115;mediaContainer;;false
8796390031390;8796507406366;8797211853419;mediaContainer;;false
8796390129694;8796507439134;8797211886187;mediaContainer;;false
8796390162462;8796507471902;8797211918955;mediaContainer;;false
8796390260766;8796507504670;8797211951723;mediaContainer;;false
8796390326302;8796507537438;8797212017259;mediaContainer;;false
8796390293534;8796507570206;8797211984491;mediaContainer;;false
8796390522910;8796507701278;8797212082795;mediaContainer;;false
8796390555678;8796507635742;8797212050027;mediaContainer;;false
8796390490142;8796507602974;8797212148331;mediaContainer;;false
8796390457374;8796507668510;8797212115563;mediaContainer;;false
