<?xml version="1.0" encoding="UTF-8"?>
<!--
 Copyright (c) 2020 SAP SE or an SAP affiliate company. All rights reserved.
-->
<base>
	<search>
		<search-properties>
			<property qualifier="ContentCatalog.id"/>
			<property qualifier="ContentCatalog.name"/>
		</search-properties>
		<sort-properties>
		<property qualifier="Item.modifiedtime"/>
			<property qualifier="Item.pk"/>
			<property qualifier="ContentCatalog.name"/>
			<property qualifier="ContentCatalog.id"/>
		</sort-properties>
	</search>
	<label>
			<property qualifier="ContentCatalog.name"/>
	</label>
</base>