<?xml version="1.0" encoding="UTF-8"?>
<!--
 Copyright (c) 2020 SAP SE or an SAP affiliate company. All rights reserved.
-->
<advanced-search>
	
	<group name="root" type="abstractpage">
		<label key="config.general.searchfor" />
		<group name="general">
			<label key="cockpit.config.label.General" />
			<property qualifier="cmsitem.name" sort-enabled="true" visible="true"/>
			<property qualifier="cmsitem.uid" sort-enabled="true" visible="true"/>
			<property qualifier="abstractpage.defaultPage" sort-enabled="false"/>
			<property qualifier="abstractpage.masterTemplate" visible="false"/>	
			<property qualifier="abstractpage.pageStatus" sort-enabled="false"/>		
		</group>
		<group name="other">
			<label key="cockpit.config.label.Other" />
			<property qualifier="item.pk" sort-enabled="true" visible="false"/>			
		</group>		
	</group>
	
</advanced-search>
