8796097152064;8796097381440;8797149823595;parent;;false
8796128871496;8796128969800;;;8796097152064->8796097446976,8796097119296->8796097348672;true
8796097152064;8796097446976;;entries,links,pages,assignedCockpitItemTemplates,comments,parent;8796097119296->8796097348672;true
8796097184832;8796097414208;8797149921899;parent;;false
8796097119296;8796097545280;8797149987435;allDocuments,children,entries,links,pages,assignedCockpitItemTemplates,comments,parent;;true
8796097217600;8796097479744;8797150020203;parent;;false
8796128740424;8796129133640;;;8796097315904->8796097610816;true
8796128740424;8796129100872;8797150184043;navigationNode;;false
8796097315904;8796097643584;8797150249579;allDocuments,children,entries,links,pages,assignedCockpitItemTemplates,comments,parent;;true
8796109014076;8796109276220;;;8796093580338->8796093645874;true
8796093580338;;;;;false
