<?xml version="1.0" encoding="UTF-8"?>
<!--
 Copyright (c) 2019 SAP SE or an SAP affiliate company. All rights reserved
-->
<wizard-config showPrefilledValues="false" selectMode="false" createMode="true" createWithinPopup="false">
	<displayed-properties>
		<property qualifier="AbstractComment.subject"/>
		<property qualifier="AbstractComment.text">
			<parameter name="rows" value="8" />
		</property>
		<property qualifier="Comment.relatedItems">
			<parameter name="allowCreate" value="false" />
			<parameter name="allowAutocompletion" value="true" />
			<parameter name="autocompletionSearchType" value="Product" />
			<parameter name="restrictToCreateTypes" value="Product+,Category+,Media,MediaContainer+,PriceRow+,Principal+,Voucher+,Promotion+" />
		</property>
		<property qualifier="AbstractComment.attachments">
			<parameter name="allowCreate" value="true" />
			<parameter name="allowSelect" value="false" />
			<parameter name="allowAutocompletion" value="false" />
		</property>
	</displayed-properties>
</wizard-config>

