<?xml version="1.0" encoding="UTF-8"?>
<jasperReport xmlns="http://jasperreports.sourceforge.net/jasperreports" xmlns:xsi="http://www.w3.org/2001/XMLSchema-instance" xsi:schemaLocation="http://jasperreports.sourceforge.net/jasperreports http://jasperreports.sourceforge.net/xsd/jasperreport.xsd" name="editorAreaTableTitlesReport" language="groovy" pageWidth="555" pageHeight="802" columnWidth="555" leftMargin="0" rightMargin="0" topMargin="0" bottomMargin="0">
	<property name="ireport.zoom" value="1.5"/>
	<property name="ireport.x" value="0"/>
	<property name="ireport.y" value="0"/>
	<style name="ListCell" mode="Opaque" backcolor="#E6E6E6" fontName="Arial Black" fontSize="8" isBold="false" isItalic="false" isUnderline="false" isStrikeThrough="false" pdfFontName="Helvetica-Bold">
		<box leftPadding="0">
			<pen lineWidth="0.25"/>
			<topPen lineWidth="0.25"/>
			<leftPen lineWidth="0.25"/>
			<bottomPen lineWidth="0.25"/>
			<rightPen lineWidth="0.25"/>
		</box>
	</style>
	<style name="Sans_SmallBold" fontName="SansSerif" fontSize="10" isBold="true" isItalic="false" isUnderline="false" isStrikeThrough="false"/>
	<subDataset name="dataset1" whenResourceMissingType="Error">
		<queryString language="xPath">
			<![CDATA[/root/section/row/columnsTitles]]>
		</queryString>
		<field name="value" class="java.lang.String">
			<fieldDescription><![CDATA[@value]]></fieldDescription>
		</field>
	</subDataset>
	<queryString language="xPath">
		<![CDATA[/root/section/row/columnsTitles]]>
	</queryString>
	<field name="id" class="java.lang.String">
		<fieldDescription><![CDATA[@id]]></fieldDescription>
	</field>
	<field name="type" class="java.lang.String">
		<fieldDescription><![CDATA[@type]]></fieldDescription>
	</field>
	<background>
		<band splitType="Stretch"/>
	</background>
	<detail>
		<band height="10">
			<componentElement>
				<reportElement x="0" y="0" width="555" height="10"/>
				<jr:list xmlns:jr="http://jasperreports.sourceforge.net/jasperreports/components" xsi:schemaLocation="http://jasperreports.sourceforge.net/jasperreports/components http://jasperreports.sourceforge.net/xsd/components.xsd" printOrder="Horizontal">
					<datasetRun subDataset="dataset1">
						<dataSourceExpression><![CDATA[$P{REPORT_DATA_SOURCE}.subDataSource("/columnsTitles/title")]]></dataSourceExpression>
					</datasetRun>
					<jr:listContents height="10" width="80">
						<frame>
							<reportElement style="ListCell" x="0" y="0" width="80" height="10"/>
							<textField isStretchWithOverflow="true">
								<reportElement stretchType="RelativeToTallestObject" x="0" y="0" width="80" height="10"/>
								<box leftPadding="1"/>
								<textElement>
									<font fontName="Arial" size="8"/>
								</textElement>
								<textFieldExpression class="java.lang.String"><![CDATA[$F{value}]]></textFieldExpression>
							</textField>
						</frame>
					</jr:listContents>
				</jr:list>
			</componentElement>
		</band>
	</detail>
</jasperReport>
