<?xml version="1.0" encoding="UTF-8"?>
<jasperReport xmlns="http://jasperreports.sourceforge.net/jasperreports" xmlns:xsi="http://www.w3.org/2001/XMLSchema-instance" xsi:schemaLocation="http://jasperreports.sourceforge.net/jasperreports http://jasperreports.sourceforge.net/xsd/jasperreport.xsd" name="report2_subreport1_subreport1" language="groovy" pageWidth="555" pageHeight="802" columnWidth="555" leftMargin="0" rightMargin="0" topMargin="0" bottomMargin="0">
	<property name="ireport.zoom" value="1.5"/>
	<property name="ireport.x" value="0"/>
	<property name="ireport.y" value="0"/>
	<style name="text" isDefault="true" forecolor="#000000" hAlign="Left" fontName="Arial" fontSize="10" isBold="false" isItalic="false" isUnderline="false" isStrikeThrough="false">
		<box topPadding="1" leftPadding="2" bottomPadding="0" rightPadding="0">
			<pen lineWidth="0.25" lineStyle="Solid" lineColor="#000000"/>
			<topPen lineWidth="0.25" lineStyle="Solid" lineColor="#000000"/>
			<leftPen lineWidth="0.25" lineStyle="Solid" lineColor="#000000"/>
			<bottomPen lineWidth="0.25" lineStyle="Solid" lineColor="#000000"/>
			<rightPen lineWidth="0.25" lineStyle="Solid" lineColor="#000000"/>
		</box>
	</style>
	<style name="label_align_right" forecolor="#000000" hAlign="Right" fontName="Arial" fontSize="10" isBold="true" isItalic="true" isUnderline="false" isStrikeThrough="false">
		<box topPadding="1" leftPadding="2" bottomPadding="0" rightPadding="2">
			<pen lineWidth="0.25" lineStyle="Solid"/>
			<topPen lineWidth="0.25" lineStyle="Solid"/>
			<leftPen lineWidth="0.25" lineStyle="Solid"/>
			<bottomPen lineWidth="0.25" lineStyle="Solid"/>
			<rightPen lineWidth="0.25" lineStyle="Solid"/>
		</box>
	</style>
	<style name="label" forecolor="#000000" hAlign="Left" fontName="Arial" fontSize="10" isBold="true" isItalic="false" isUnderline="false" isStrikeThrough="false">
		<box topPadding="1" leftPadding="2" bottomPadding="0" rightPadding="0">
			<pen lineWidth="0.25" lineStyle="Solid"/>
			<topPen lineWidth="0.25" lineStyle="Solid"/>
			<leftPen lineWidth="0.25" lineStyle="Solid"/>
			<bottomPen lineWidth="0.25" lineStyle="Solid"/>
			<rightPen lineWidth="0.25" lineStyle="Solid"/>
		</box>
	</style>
	<queryString language="xPath">
		<![CDATA[/root/section/row/attribute/language]]>
	</queryString>
	<field name="name2" class="java.lang.String">
		<fieldDescription><![CDATA[ancestor::attribute/@name]]></fieldDescription>
	</field>
	<field name="language" class="java.lang.String">
		<fieldDescription><![CDATA[child::text()]]></fieldDescription>
	</field>
	<field name="name" class="java.lang.String">
		<fieldDescription><![CDATA[@name]]></fieldDescription>
	</field>
	<field name="group" class="java.lang.String">
		<fieldDescription><![CDATA[@group]]></fieldDescription>
	</field>
	<group name="attributeGroup">
		<groupExpression><![CDATA[$F{group}]]></groupExpression>
		<groupHeader>
			<band height="10">
				<textField isStretchWithOverflow="true" isBlankWhenNull="true">
					<reportElement style="label" stretchType="RelativeToTallestObject" x="0" y="0" width="480" height="10"/>
					<textElement>
						<font fontName="Arial Black" size="9" isBold="true" pdfFontName="Helvetica-Bold" isPdfEmbedded="true"/>
					</textElement>
					<textFieldExpression class="java.lang.String"><![CDATA[$F{name2}]]></textFieldExpression>
				</textField>
			</band>
		</groupHeader>
	</group>
	<background>
		<band splitType="Stretch"/>
	</background>
	<detail>
		<band height="10" splitType="Stretch">
			<textField isStretchWithOverflow="true">
				<reportElement style="label_align_right" x="0" y="0" width="200" height="10" isPrintWhenDetailOverflows="true"/>
				<textElement textAlignment="Right">
					<font isBold="true" isItalic="true"/>
				</textElement>
				<textFieldExpression class="java.lang.String"><![CDATA[$F{name}]]></textFieldExpression>
			</textField>
			<textField isStretchWithOverflow="true">
				<reportElement style="text" x="200" y="0" width="280" height="10" isPrintWhenDetailOverflows="true"/>
				<textElement>
					<font isItalic="true"/>
				</textElement>
				<textFieldExpression class="java.lang.String"><![CDATA[$F{language}]]></textFieldExpression>
			</textField>
		</band>
	</detail>
</jasperReport>
