<?xml version="1.0" encoding="UTF-8"?>
<!--
 Copyright (c) 2019 SAP SE or an SAP affiliate company. All rights reserved
-->
<wizard-config showPrefilledValues="false" selectMode="true" createMode="true" createWithinPopup="false">
	<displayed-properties>
		<group qualifier="General" visible="true" initially-opened="false">
			<label key="cockpit.config.label.General" />
			<property qualifier="Media.code" />
			<property qualifier="Media.catalogVersion" editorCode="shortListEditor">
				<parameter name="autocomplete" value="false"/>
				<parameter name="autodrop" value="true"/>
				<parameter name="sclass" value="mediaUploadCatalogVersionCombo"/>
				<parameter name="constraint" value="strict"/>
			</property>
			<property qualifier="Media.mediaFormat"></property>
		</group>
	</displayed-properties>
</wizard-config>




