<?xml version="1.0" encoding="UTF-8"?>
<!--
 Copyright (c) 2019 SAP SE or an SAP affiliate company. All rights reserved
-->
<base>
	<search>
		<search-properties>
			<property qualifier="Unit.name"/>
			<property qualifier="Unit.unittype"/>
			<property qualifier="Unit.code"/>
		</search-properties>
		<sort-properties>
		<property qualifier="Item.modifiedtime"/>
			<property qualifier="Item.pk"/>
			<property qualifier="Unit.name"/>
			<property qualifier="Unit.unittype"/>
			<property qualifier="Unit.code"/>
		</sort-properties>
	</search>
	<label spring-bean="unitLabelProvider"/>
</base>
