<?xml version="1.0" encoding="UTF-8"?>
<!--
 Copyright (c) 2019 SAP SE or an SAP affiliate company. All rights reserved
-->
<list-view unassigned-group-name="Other" allow-create-inline-items="true">
	<group name="General">
		<custom class="de.hybris.platform.cockpit.services.config.impl.LineNumberColumn" name="Line nr" visible="true" editable="false" />
		<property qualifier="DiscountRow.discount" visible="true" editable="false" />
		<property qualifier="DiscountRow.discount.name" visible="true" editable="false" />
		<property qualifier="DiscountRow.discountString" visible="true" editable="false" />
		<property qualifier="DiscountRow.user" visible="true" editable="false" />
		<property qualifier="DiscountRow.ug" visible="true" editable="false" />
	</group>
</list-view>
