<?xml version="1.0" encoding="UTF-8"?>
<!--
 Copyright (c) 2019 SAP SE or an SAP affiliate company. All rights reserved
-->
<editor>

	<group qualifier="General" visible="true" initially-opened="true">
		<label key="cockpit.config.label.General" />
		<property qualifier="JasperMedia.title" />
		<property qualifier="JasperMedia.reportDescription" >
		</property>
		<property qualifier="JasperMedia.icon" >
			<parameter>
				<name>allowCreate</name>
				<value>true</value>
			</parameter>
		</property>
	</group>

	<custom-group
		class="de.hybris.platform.cockpit.services.config.impl.MediaEditorSectionConfiguration"
		qualifier="uploadsection"
		initially-opened="true"
		visible="true">
		<label key="config.general.preview" />
	</custom-group>

</editor>
