<?xml version="1.0" encoding="UTF-8"?>
<!--
 Copyright (c) 2019 SAP SE or an SAP affiliate company. All rights reserved
-->
<base>
	<search>
		<search-properties>
			<property qualifier="AbstractConstraint.id"/>
			<property qualifier="AbstractConstraint.annotation"/>
			<property qualifier="AbstractConstraint.target"/>
			<property qualifier="AbstractConstraint.active"/>
			<property qualifier="AbstractConstraint.needReload"/>
			<property qualifier="AbstractConstraint.message"/>	
		</search-properties>
		<sort-properties>
		<property qualifier="Item.modifiedtime"/>
			<property qualifier="AbstractConstraint.id"/>
			<property qualifier="AbstractConstraint.annotation"/>
			<property qualifier="AbstractConstraint.target"/>
			<property qualifier="Item.pk"/>
		</sort-properties>
	</search>
	<label spring-bean="abstractConstraintLabelProvider"/>
</base>