
REMOVE AssistedServiceComponent;catalogVersion(CatalogVersion.catalog(Catalog.id[default=electronics-spaContentCatalog]),CatalogVersion.version[default=Staged])[default=electronics-spaContentCatalog:Staged][unique=true];uid[unique=true];# unknown type 'AssistedServiceComponent' in header 'REMOVE AssistedServiceComponent'
,,,,unknown type 'AssistedServiceComponent' in header 'REMOVE AssistedServiceComponent';;AssistedServiceComponent

REMOVE ASMDevicesUsedComponent;catalogVersion(CatalogVersion.catalog(Catalog.id[default=electronics-spaContentCatalog]),CatalogVersion.version[default=Staged])[default=electronics-spaContentCatalog:Staged][unique=true];uid[unique=true];# unknown type 'ASMDevicesUsedComponent' in header 'REMOVE ASMDevicesUsedComponent'
,,,,unknown type 'ASMDevicesUsedComponent' in header 'REMOVE ASMDevicesUsedComponent';;ASMDevicesUsedComponent

REMOVE ASMFavoriteColorsComponent;catalogVersion(CatalogVersion.catalog(Catalog.id[default=electronics-spaContentCatalog]),CatalogVersion.version[default=Staged])[default=electronics-spaContentCatalog:Staged][unique=true];uid[unique=true];# unknown type 'ASMFavoriteColorsComponent' in header 'REMOVE ASMFavoriteColorsComponent'
,,,,unknown type 'ASMFavoriteColorsComponent' in header 'REMOVE ASMFavoriteColorsComponent';;ASMFavoriteColorsComponent
