<?xml version="1.0" encoding="UTF-8"?>
<!--
 Copyright (c) 2019 SAP SE or an SAP affiliate company. All rights reserved
-->
<editor>
	<group qualifier="Generall" visible="true" initially-opened="true">
		<label key="cockpit.config.label.General" />
		
		<property qualifier="Company.country" visible="true" />
		<property qualifier="Company.buyer" visible="true" />
		<property qualifier="Company.contact" visible="true" />
		<property qualifier="Company.providedCatalogs" visible="true" />
	</group>
	<group qualifier="Addresses" visible="true" initially-opened="true">
		<label key="admincockpit.editorArea.addresses" />
		
		<property qualifier="Company.addresses" visible="true" />
		<property qualifier="Company.shippingAddress" visible="true" />
		<property qualifier="Company.unloadingAddress" visible="true" />
		<property qualifier="Company.billingAddresses" visible="true" />
		<property qualifier="Company.contactAddress" visible="true" />	
	</group>
	
</editor>
