<?xml version="1.0" encoding="utf-8"?><testclasses><yb2bacceleratorstorefront><testclass>de.hybris.platform.yb2bacceleratorstorefront.controllers.cms.ProductReferencesComponentControllerTest</testclass><testclass>de.hybris.platform.yb2bacceleratorstorefront.interceptors.i18n.SetLanguageBeforeControllerHandlerTest</testclass><testclass>de.hybris.platform.yb2bacceleratorstorefront.security.cookie.EnhancedCookieGeneratorTest</testclass><testclass>de.hybris.platform.yb2bacceleratorstorefront.web.view.UiExperienceViewResolverTest</testclass><testclass>de.hybris.platform.yb2bacceleratorstorefront.security.impl.CsrfProtectionMatcherTest</testclass><testclass>de.hybris.platform.yb2bacceleratorstorefront.interceptors.beforecontroller.SecurityEmailCheckBeforeControllerHandlerTest</testclass><testclass>de.hybris.platform.smarteditaddon.interceptors.beforeview.SmarteditaddonCMSPageBeforeViewHandlerTest</testclass><testclass>de.hybris.platform.acceleratorstorefrontcommons.controllers.pages.AbstractSearchPageControllerUnitTest</testclass><testclass>de.hybris.platform.yb2bacceleratorstorefront.controllers.cms.CartSuggestionComponentControllerTest</testclass><testclass>de.hybris.platform.yb2bacceleratorstorefront.controllers.cms.DefaultCMSComponentControllerTest</testclass><testclass>de.hybris.platform.yb2bacceleratorstorefront.web.mvc.AcceleratorUrlPathHelperTest</testclass><testclass>de.hybris.platform.yb2bacceleratorstorefront.web.wrappers.UrlEncodeHttpRequestWrapperTest</testclass><testclass>de.hybris.platform.b2bpunchoutaddon.interceptors.PunchOutCartBeforeViewHandlerTest</testclass><testclass>de.hybris.platform.yb2bacceleratorstorefront.controllers.cms.NavigationBarComponentControllerTest</testclass><testclass>de.hybris.platform.yb2bacceleratorstorefront.controllers.pages.AccountPageControllerTest</testclass><testclass>de.hybris.platform.yb2bacceleratorstorefront.renderer.CMSLinkComponentRendererTest</testclass><testclass>de.hybris.platform.springmvctests.EmptyTest</testclass><testclass>de.hybris.platform.yb2bacceleratorstorefront.controllers.cms.ProductCarouselComponentControllerTest</testclass><testclass>de.hybris.platform.yb2bacceleratorstorefront.filters.AcceleratorAddOnFilterTest</testclass><testclass>de.hybris.platform.yb2bacceleratorstorefront.filters.CustomerLocationRestorationFilterTest</testclass><testclass>de.hybris.platform.secureportaladdon.interceptors.SecurePortalBeforeControllerHandlerTest</testclass><testclass>de.hybris.platform.yb2bacceleratorstorefront.filters.ConsentFilterTest</testclass><testclass>de.hybris.platform.yb2bacceleratorstorefront.interceptors.beforeview.ConsentManagementBeforeViewHandlerTest</testclass><testclass>de.hybris.platform.yb2bacceleratorstorefront.filters.CommonResourcesAddOnFilterTest</testclass><testclass>de.hybris.platform.yb2bacceleratorstorefront.interceptors.beforeview.CartRestorationBeforeViewHandlerTest</testclass><testclass>de.hybris.platform.yb2bacceleratorstorefront.filters.AbstractAddOnFilterTest</testclass><testclass>de.hybris.platform.yb2bacceleratorstorefront.controllers.pages.CartPageControllerTest</testclass><testclass>de.hybris.platform.yb2bacceleratorstorefront.controllers.cms.MiniCartComponentControllerTest</testclass><testclass>de.hybris.platform.yb2bacceleratorstorefront.controllers.cms.ProductFeatureComponentControllerTest</testclass><testclass>de.hybris.platform.yb2bacceleratorstorefront.security.AcceleratorAuthenticationProviderTest</testclass><testclass>de.hybris.platform.yb2bacceleratorstorefront.controllers.cms.CategoryFeatureComponentControllerTest</testclass><testclass>de.hybris.platform.yb2bacceleratorstorefront.security.impl.DefaultGuestCheckoutCartCleanStrategyTest</testclass><testclass>de.hybris.platform.yb2bacceleratorstorefront.controllers.pages.checkout.steps.MultiStepCheckoutControllerTest</testclass><testclass>de.hybris.platform.yb2bacceleratorstorefront.filters.cms.CMSSiteFilterTest</testclass><testclass>de.hybris.platform.yb2bacceleratorstorefront.renderer.ImageMapComponentRendererTest</testclass><testclass>de.hybris.platform.yb2bacceleratorstorefront.filters.StorefrontFilterTest</testclass><testclass>de.hybris.platform.yb2bacceleratorstorefront.controllers.cms.PurchasedCategorySuggestionComponentControllerTest</testclass><testclass>de.hybris.platform.yb2bacceleratorstorefront.security.impl.WebHttpSessionRequestCacheUnitTest</testclass></yb2bacceleratorstorefront></testclasses>