<?xml version="1.0" encoding="UTF-8"?>
<!--
 Copyright (c) 2019 SAP SE or an SAP affiliate company. All rights reserved
-->
<list-view unassigned-group-name="Other">
	<group name="General">
		<custom
			class="de.hybris.platform.cockpit.services.config.impl.LineNumberColumn"
			name="Line nr" visible="true" selectable="true">
			<label key="config.general.linenr" />
		</custom>
		
		<property qualifier="Address.owner" visible="true" />
				
		<property qualifier="Address.country" visible="true" />
		<property qualifier="Address.region" visible="true" />
		<property qualifier="Address.district" visible="true" />
		<property qualifier="Address.postalcode" visible="true" />
		<property qualifier="Address.town" visible="true" />
		<property qualifier="Address.streetname" visible="true" />
		<property qualifier="Address.streetnumber" visible="true" />
		<property qualifier="Address.company" visible="false" />
	</group>
</list-view>
