<?xml version="1.0" encoding="UTF-8"?>
<!--
 Copyright (c) 2019 SAP SE or an SAP affiliate company. All rights reserved
-->
<base>
	<search>
		<search-properties>
			<property qualifier="ClassificationAttributeUnit.code"/>
			<property qualifier="ClassificationAttributeUnit.unitType"/>
		</search-properties>
	</search>
	<label>
		<property qualifier="ClassificationAttributeUnit.code"/>
		<property qualifier="ClassificationAttributeUnit.symbol"/>
		<property qualifier="ClassificationAttributeUnit.unitType"/>
	</label>
</base>
