<?xml version="1.0" encoding="UTF-8"?>
<!--
 Copyright (c) 2019 SAP SE or an SAP affiliate company. All rights reserved
-->
<list-view unassigned-group-name="Other">
	<group name="General">
		<custom
			class="de.hybris.platform.cockpit.services.config.impl.LineNumberColumn"
			name="Line nr" visible="true" selectable="true">
			<label key="config.general.linenr" />
		</custom>
		
		<property qualifier="AttributeConstraint.id" visible="true" />
		<custom spring-bean="ConstraintContentBrowserTypeColumn" name="TypeIcon"
			visible="true" selectable="true">
			<label key="admincockpit.listViewContentBrowser.type" />
		</custom>
				
		<property qualifier="AbstractConstraint.annotation" visible="false" />
		<property qualifier="AbstractConstraint.severity" visible="true" >
			<renderer class="de.hybris.platform.admincockpit.model.listview.impl.ConstraintSeverityCellRenderer" />
		</property>
		<property qualifier="AbstractConstraint.active" visible="true" />
		<property qualifier="AbstractConstraint.needReload" visible="true" />
		<property qualifier="AbstractConstraint.defaultMessage" visible="false"/>	
		<property qualifier="AbstractConstraint.message" visible="false" />
		<property qualifier="AbstractConstraint.target" visible="true" />
		<property qualifier="AbstractConstraint.type" visible="false" />
		<property qualifier="AbstractConstraint.constraintGroups" visible="true" >
			<renderer class="de.hybris.platform.admincockpit.model.listview.impl.ConstraintGroupCellRenderer" />
		</property>
		<property qualifier="AttributeConstraint.qualifier" visible="true" />
		<property qualifier="MinConstraint.value" visible="true"/>		
		<custom spring-bean="ConstraintContentBrowserActionColumn" name="Actions"
			visible="true" selectable="true">
			<label key="config.general.actions" />
		</custom>
	</group>
	
</list-view>
