<?xml version="1.0" encoding="UTF-8"?>
<!--
 Copyright (c) 2019 SAP SE or an SAP affiliate company. All rights reserved
-->
<base>
	<search>
		<search-properties>
			<property qualifier="Product.code"/>
			<property qualifier="Product.name"/>
			<property qualifier="Product.description"/>
		</search-properties>
		<sort-properties>
		<property qualifier="Item.modifiedtime"/>
			<property qualifier="Product.code"/>
			<property qualifier="Product.name"/>
			<property qualifier="Product.description"/>
			<property qualifier="Item.pk"/>
		</sort-properties>
	</search>
	<label spring-bean="productLabelProvider"/>
</base>
