<?xml version="1.0" encoding="UTF-8"?>
<jasperReport xmlns="http://jasperreports.sourceforge.net/jasperreports" xmlns:xsi="http://www.w3.org/2001/XMLSchema-instance" xsi:schemaLocation="http://jasperreports.sourceforge.net/jasperreports http://jasperreports.sourceforge.net/xsd/jasperreport.xsd" name="report2_subreport1_subreport1" language="groovy" pageWidth="555" pageHeight="802" columnWidth="555" leftMargin="0" rightMargin="0" topMargin="0" bottomMargin="0">
	<property name="ireport.zoom" value="3.0"/>
	<property name="ireport.x" value="230"/>
	<property name="ireport.y" value="0"/>
	<style name="label" hAlign="Left" vAlign="Middle" fontName="Arial Black" fontSize="9" isBold="false" isItalic="false" isUnderline="false" isStrikeThrough="false" pdfFontName="Helvetica-Bold">
		<box topPadding="1" leftPadding="1">
			<pen lineWidth="0.25"/>
			<topPen lineWidth="0.25"/>
			<leftPen lineWidth="0.25"/>
			<bottomPen lineWidth="0.25"/>
			<rightPen lineWidth="0.25"/>
		</box>
	</style>
	<style name="text" hAlign="Left" vAlign="Middle" fontName="Arial" fontSize="9" isBold="false" isItalic="false" isUnderline="false" isStrikeThrough="false">
		<box topPadding="2" leftPadding="2" bottomPadding="1">
			<pen lineWidth="0.25"/>
			<topPen lineWidth="0.25"/>
			<leftPen lineWidth="0.25"/>
			<bottomPen lineWidth="0.25"/>
			<rightPen lineWidth="0.25"/>
		</box>
	</style>
	<queryString language="xPath">
		<![CDATA[/root/section/row/attribute]]>
	</queryString>
	<field name="name" class="java.lang.String">
		<fieldDescription><![CDATA[name]]></fieldDescription>
	</field>
	<field name="value" class="java.lang.String">
		<fieldDescription><![CDATA[value]]></fieldDescription>
	</field>
	<field name="imgUrl" class="java.lang.String">
		<fieldDescription><![CDATA[imgUrl]]></fieldDescription>
	</field>
	<background>
		<band splitType="Stretch"/>
	</background>
	<detail>
		<band height="10" splitType="Stretch">
			<textField isStretchWithOverflow="true" isBlankWhenNull="true">
				<reportElement style="label" stretchType="RelativeToTallestObject" x="0" y="0" width="200" height="10" isPrintWhenDetailOverflows="true"/>
				<textElement>
					<font fontName="Arial Black" size="9" pdfFontName="Helvetica-Bold" isPdfEmbedded="true"/>
				</textElement>
				<textFieldExpression class="java.lang.String"><![CDATA[$F{name}]]></textFieldExpression>
			</textField>
			<frame>
				<reportElement style="text" stretchType="RelativeToTallestObject" x="200" y="0" width="280" height="10" isPrintWhenDetailOverflows="true"/>
				<image scaleImage="RealSize" vAlign="Middle" onErrorType="Icon">
					<reportElement stretchType="RelativeToTallestObject" x="0" y="0" width="10" height="7" isPrintWhenDetailOverflows="true"/>
					<imageExpression class="java.lang.String"><![CDATA[$F{imgUrl}]]></imageExpression>
				</image>
				<textField isStretchWithOverflow="true" isBlankWhenNull="true">
					<reportElement stretchType="RelativeToTallestObject" x="10" y="0" width="268" height="7" isPrintWhenDetailOverflows="true"/>
					<textElement/>
					<textFieldExpression class="java.lang.String"><![CDATA[$F{value}]]></textFieldExpression>
				</textField>
			</frame>
		</band>
	</detail>
</jasperReport>
