<?xml version="1.0" encoding="UTF-8"?>
<!--
 Copyright (c) 2019 SAP SE or an SAP affiliate company. All rights reserved
-->
<wizard-config showPrefilledValues="true" selectMode="false" createMode="true" >
	<displayed-properties>
		<group qualifier="General" visible="true" initially-opened="true">
			<label key="cockpit.config.label.General" />
			<property qualifier="Trigger.job"/>
			<property qualifier="Trigger.cronJob"/>
			<property qualifier="Trigger.active"/>
			<property qualifier="Trigger.maxAcceptableDelay"/>
		</group> 
		<group qualifier="Additional" visible="true" initially-opened="false">
			<label key="cockpit.config.label.Additional" />
			<property qualifier="Trigger.relative"/>
			<property qualifier="Trigger.second"/>
			<property qualifier="Trigger.minute"/>
			<property qualifier="Trigger.hour"/>
			<property qualifier="Trigger.day"/>
			<property qualifier="Trigger.month"/>
			<property qualifier="Trigger.year"/>
			<property qualifier="Trigger.daysOfWeek"/>
			<property qualifier="Trigger.weekInterval"/>
			<property qualifier="Trigger.dateRange"/>
		</group> 
		<group qualifier="Other" visible="true" initially-opened="false">
			<label key="cockpit.config.label.Other" />
			<property qualifier="Trigger.cronExpression"/>
		</group> 
	</displayed-properties>
</wizard-config>