<?xml version="1.0" encoding="UTF-8"?>
<!--
 Copyright (c) 2019 SAP SE or an SAP affiliate company. All rights reserved
-->
<base>
	<search>
		<search-properties>
			<property qualifier="Media.code"/>
			<property qualifier="JasperMedia.title"/>
			<property qualifier="JasperMedia.reportDescription"/>
		</search-properties>
		<sort-properties>
		<property qualifier="Item.modifiedtime"/>
			<property qualifier="Item.pk"/>
			<property qualifier="Media.code"/>
			<property qualifier="JasperMedia.title"/>
			<property qualifier="JasperMedia.reportDescription"/>
		</sort-properties>
	</search>
	<label>
		<property qualifier="JasperMedia.title"/>
	</label>
</base>
