<?xml version="1.0" encoding="UTF-8"?>
<!--
 Copyright (c) 2020 SAP SE or an SAP affiliate company. All rights reserved.
-->
<editor>	
	<group qualifier="General" visible="true" initially-opened="true">
		<label key="cockpit.config.label.General" />
		<property qualifier="cmsnavigationnode.name"/>
		<property qualifier="cmsnavigationnode.title"/>		
		<property qualifier="cmsnavigationnode.visible"/>
		<property qualifier="cmsnavigationnode.catalogVersion" editor="shortListEditor"/>
	</group>
	
	<group qualifier="linkedResources" visible="true" initially-opened="true">
		<label key="config.general.hierachy" />
		<property qualifier="cmsnavigationnode.children" />
	</group>

	<group qualifier="linkedResources" visible="true" initially-opened="true">
		<label key="config.general.linkeditems" />
		<property qualifier="cmsnavigationnode.entries">
			<parameter>
				<name>allowCreate</name>
				<value>true</value>
			</parameter>
		</property>
	</group>
	
	<custom-group 
		class="de.hybris.platform.cockpit.services.config.impl.UnassignedEditorSectionConfiguration" 
		qualifier="unassigned"
		initially-opened="false">
		<label key="cockpit.config.label.Other" />
	</custom-group>
</editor>
