<?xml version="1.0" encoding="UTF-8"?>
<!--
 Copyright (c) 2019 SAP SE or an SAP affiliate company. All rights reserved
-->
<editor>

	<group qualifier="General" visible="true" initially-opened="true">
		<label key="cockpit.config.label.General" />
		<property qualifier="product.code" />
		<property qualifier="product.name" />
		<property qualifier="product.catalogversion" />
		<property qualifier="product.approvalStatus" />
		<property qualifier="product.onlineDate" />
		<property qualifier="product.offlineDate" />
		<property qualifier="product.unit" />
		<property qualifier="product.ean" />
		<property qualifier="product.description" />
	</group>

	<group qualifier="Category" visible="true" initially-opened="true">
		<label key="config.general.categorysystem" />
		<property qualifier="product.supercategories">
			<parameter>
				<name>allowCreate</name>
				<value>true</value>
			</parameter>
			<parameter>
				<name>layout</name>
				<value>wide</value>
			</parameter>
		</property>
		<property qualifier="product.productReferences" />
	</group>

	<group qualifier="Price" visible="true" initially-opened="true">
		<label key="config.general.prices" />
		<property qualifier="product.europe1Prices" />
	</group>

	<group qualifier="additional" visible="true" initially-opened="true">
		<label key="cockpit.config.label.Additional" />
		<property qualifier="product.deliveryTime"  visible="false" />
		<property qualifier="product.contentUnit" />
		<property qualifier="product.numberContentUnits"  visible="false"/>
	</group>

	<custom-group
		class="de.hybris.platform.cockpit.services.config.impl.LastChangesSectionConfiguration"
		qualifier="savedValues"
		initially-opened="true"
		visible="true">
		<label key="config.general.lastchanges" />
	</custom-group>

</editor>
