<?xml version="1.0" encoding="UTF-8"?>
<!--
 Copyright (c) 2019 SAP SE or an SAP affiliate company. All rights reserved
-->
<advanced-search>
	<group name="root" type="ConstraintGroup">
		<label key="config.general.searchfor" />
		<group name="general">
			<label key="cockpit.config.label.General" />
			<property qualifier="ConstraintGroup.id" sort-enabled="true" visible="true"/>			
			<property qualifier="ConstraintGroup.constraints" sort-enabled="true" visible="true" />
			<property qualifier="ConstraintGroup.interfaceName" sort-enabled="true" visible="true"/>					
		</group>
		<group name="other">
			<label key="cockpit.config.label.Other" />
			<property qualifier="Item.pk" sort-enabled="true" visible="false"/>		
		</group>				
	</group>	
	
</advanced-search>
