<?xml version="1.0" encoding="UTF-8"?>
<!--
 Copyright (c) 2019 SAP SE or an SAP affiliate company. All rights reserved
-->
<advanced-search>

	<group name="root" type="media">
		<label key="config.general.searchfor" />
		<property qualifier="media.code"/>
		<property qualifier="media.mime"/>
		<property qualifier="media.folder"/>
		<group name="admin" visible="false">
			<label key="config.general.administration" />
			<property qualifier="item.pk" visible="false" sort-enabled="false"/>
			<property qualifier="item.modifiedtime" visible="false" sort-enabled="false"/>
		</group>
	</group>

</advanced-search>
