<?xml version="1.0" encoding="UTF-8"?>
<!--
 Copyright (c) 2020 SAP SE or an SAP affiliate company. All rights reserved.
-->
<content-editor hideEmpty="true" hideReadOnly="true" groupCollections="true">
  <template>
    <![CDATA[
    	<table width="100%" style="margin:0;padding:0" class="structViewCnt">
		<tbody>
		<tr><td><div style="height:6px"/></td></tr>
		<tr><td><cockpit code="general"/></td></tr>
		<tr><td style="text-align:left"><cockpit code="list"/></td></tr>
		
		</tbody>
		</table>
    ]]>
  </template>
  <custom-editors>
 		<property qualifier="CMSLinkComponent.linkListComponent" editorCode="linkList" visible="false" />
  </custom-editors>
</content-editor>