<!--
 Copyright (c) 2019 SAP SE or an SAP affiliate company. All rights reserved.
-->
<project xmlns="http://maven.apache.org/POM/4.0.0" xmlns:xsi="http://www.w3.org/2001/XMLSchema-instance"
	xsi:schemaLocation="http://maven.apache.org/POM/4.0.0 http://maven.apache.org/xsd/maven-4.0.0.xsd">
	<modelVersion>4.0.0</modelVersion>
	<groupId>de.hybris.platform</groupId>
	<artifactId>yb2bacceleratorstorefront.web</artifactId>
	<version>2005.2</version>

	<packaging>jar</packaging>

	<dependencies>
		<dependency>
			<groupId>ro.isdc.wro4j</groupId>
			<artifactId>wro4j-core</artifactId>
			<version>1.8.0</version>
		</dependency>	

		<dependency>
			<groupId>org.mozilla</groupId>
			<artifactId>rhino</artifactId>
			<version>1.7.7</version>
		</dependency>			
	</dependencies>
</project>
