<?xml version="1.0" encoding="UTF-8"?>
<jasperReport xmlns="http://jasperreports.sourceforge.net/jasperreports" xmlns:xsi="http://www.w3.org/2001/XMLSchema-instance" xsi:schemaLocation="http://jasperreports.sourceforge.net/jasperreports http://jasperreports.sourceforge.net/xsd/jasperreport.xsd" name="report2_subreport1_subreport1" language="groovy" pageWidth="555" pageHeight="802" columnWidth="555" leftMargin="0" rightMargin="0" topMargin="0" bottomMargin="0">
	<property name="ireport.zoom" value="2.0"/>
	<property name="ireport.x" value="0"/>
	<property name="ireport.y" value="0"/>
	<style name="table">
		<box>
			<pen lineWidth="1.0" lineColor="#000000"/>
		</box>
	</style>
	<style name="table_TH" mode="Opaque" backcolor="#F0F8FF">
		<box>
			<pen lineWidth="0.5" lineColor="#000000"/>
		</box>
	</style>
	<style name="table_CH" mode="Opaque" backcolor="#BFE1FF">
		<box>
			<pen lineWidth="0.5" lineColor="#000000"/>
		</box>
	</style>
	<style name="table_TD" mode="Opaque" backcolor="#FFFFFF">
		<box>
			<pen lineWidth="0.5" lineColor="#000000"/>
		</box>
	</style>
	<style name="Crosstab Data Text" hAlign="Center"/>
	<style name="table 1">
		<box>
			<pen lineWidth="1.0" lineColor="#000000"/>
		</box>
	</style>
	<style name="table 1_TH" mode="Opaque" backcolor="#F0F8FF">
		<box>
			<pen lineWidth="0.5" lineColor="#000000"/>
		</box>
	</style>
	<style name="table 1_CH" mode="Opaque" backcolor="#BFE1FF">
		<box>
			<pen lineWidth="0.5" lineColor="#000000"/>
		</box>
	</style>
	<style name="table 1_TD" mode="Opaque" backcolor="#FFFFFF">
		<box>
			<pen lineWidth="0.5" lineColor="#000000"/>
		</box>
	</style>
	<style name="ListCell" mode="Opaque" backcolor="#FBF1DA"/>
	<style name="Sans_SmallBold" fontName="SansSerif" fontSize="10" isBold="true" isItalic="false" isUnderline="false" isStrikeThrough="false"/>
	<style name="label" forecolor="#000000" hAlign="Left" fontName="Arial" fontSize="10" isItalic="false" isUnderline="false" isStrikeThrough="false">
		<box topPadding="1" leftPadding="2" bottomPadding="0" rightPadding="0">
			<pen lineWidth="0.25" lineStyle="Solid"/>
			<topPen lineWidth="0.25" lineStyle="Solid"/>
			<leftPen lineWidth="0.25" lineStyle="Solid"/>
			<bottomPen lineWidth="0.25" lineStyle="Solid"/>
			<rightPen lineWidth="0.25" lineStyle="Solid"/>
		</box>
	</style>
	<parameter name="SUBREPORT_DIR" class="java.lang.String" isForPrompting="false">
		<defaultValueExpression><![CDATA["C:\\Java\\workspace\\Jasper Sub Reports Xml World\\resources\\"]]></defaultValueExpression>
	</parameter>
	<parameter name="TABLE_COLUMNS_TITLES_SUBREPORT" class="java.lang.Object" isForPrompting="false"/>
	<parameter name="TABLE_ROWS_SUBREPORT" class="java.lang.Object" isForPrompting="false"/>
	<queryString language="xPath">
		<![CDATA[/root/section/row]]>
	</queryString>
	<field name="id" class="java.lang.String">
		<fieldDescription><![CDATA[@id]]></fieldDescription>
	</field>
	<field name="type" class="java.lang.String">
		<fieldDescription><![CDATA[@type]]></fieldDescription>
	</field>
	<field name="name" class="java.lang.String">
		<fieldDescription><![CDATA[@name]]></fieldDescription>
	</field>
	<field name="tableRow" class="java.lang.String">
		<fieldDescription><![CDATA[rows/tableRow]]></fieldDescription>
	</field>
	<group name="TableColumns">
		<groupExpression><![CDATA[$F{name}]]></groupExpression>
		<groupHeader>
			<band height="10">
				<printWhenExpression><![CDATA[$F{tableRow} != null]]></printWhenExpression>
				<subreport>
					<reportElement x="0" y="0" width="555" height="10"/>
					<dataSourceExpression><![CDATA[((net.sf.jasperreports.engine.data.JRXmlDataSource)$P{REPORT_DATA_SOURCE}).subDataSource("/row/columnsTitles")]]></dataSourceExpression>
					<subreportExpression class="net.sf.jasperreports.engine.JasperReport"><![CDATA[(net.sf.jasperreports.engine.JasperReport)$P{TABLE_COLUMNS_TITLES_SUBREPORT}]]></subreportExpression>
				</subreport>
			</band>
		</groupHeader>
	</group>
	<background>
		<band splitType="Stretch"/>
	</background>
	<columnHeader>
		<band height="12">
			<textField isBlankWhenNull="true">
				<reportElement style="label" x="0" y="0" width="480" height="12" isPrintWhenDetailOverflows="true"/>
				<textElement>
					<font fontName="Arial" size="9" isBold="true" pdfFontName="Helvetica-Bold"/>
				</textElement>
				<textFieldExpression class="java.lang.String"><![CDATA[$F{name}]]></textFieldExpression>
			</textField>
		</band>
	</columnHeader>
	<detail>
		<band height="10">
			<printWhenExpression><![CDATA[$F{tableRow} != null]]></printWhenExpression>
			<subreport>
				<reportElement x="0" y="0" width="555" height="10"/>
				<dataSourceExpression><![CDATA[((net.sf.jasperreports.engine.data.JRXmlDataSource)$P{REPORT_DATA_SOURCE}).subDataSource("/row/rows/tableRow")]]></dataSourceExpression>
				<subreportExpression class="net.sf.jasperreports.engine.JasperReport"><![CDATA[(net.sf.jasperreports.engine.JasperReport)$P{TABLE_ROWS_SUBREPORT}]]></subreportExpression>
			</subreport>
		</band>
	</detail>
</jasperReport>
<!--1305803109642-->