<?xml version="1.0" encoding="UTF-8"?>
<!--
 Copyright (c) 2019 SAP SE or an SAP affiliate company. All rights reserved
-->
<list-view unassigned-group-name="Other">
	<group name="General">
		<custom
			class="de.hybris.platform.cockpit.services.config.impl.LineNumberColumn"
			name="Line nr" visible="true" selectable="true">
			<label key="config.general.linenr" />
		</custom>
		
		<property qualifier="ConstraintGroup.id" visible="true"/>		
		<property qualifier="ConstraintGroup.constraints"  visible="true" />
		<property qualifier="ConstraintGroup.interfaceName"  visible="true" />	
		<!--  			
		<custom spring-bean="ConstraintContentBrowserActionColumn" name="Actions"
			visible="true" selectable="true">
			<label key="config.general.actions" />
		</custom>
		-->
	</group>
	
</list-view>
