<?xml version="1.0" encoding="UTF-8"?>
<jasperReport xmlns="http://jasperreports.sourceforge.net/jasperreports" xmlns:xsi="http://www.w3.org/2001/XMLSchema-instance" xsi:schemaLocation="http://jasperreports.sourceforge.net/jasperreports http://jasperreports.sourceforge.net/xsd/jasperreport.xsd" name="editorAreaCustomRow" language="groovy" pageWidth="555" pageHeight="802" columnWidth="555" leftMargin="0" rightMargin="0" topMargin="0" bottomMargin="0">
	<property name="ireport.zoom" value="1.0"/>
	<property name="ireport.x" value="0"/>
	<property name="ireport.y" value="0"/>
	<queryString language="xPath">
		<![CDATA[/root/section/row/child]]>
	</queryString>
	<field name="name" class="java.lang.String">
		<fieldDescription><![CDATA[@name]]></fieldDescription>
	</field>
	<field name="value" class="java.lang.String">
		<fieldDescription><![CDATA[@value]]></fieldDescription>
	</field>
	<background>
		<band splitType="Stretch"/>
	</background>
	<detail>
		<band height="26" splitType="Stretch">
			<textField>
				<reportElement x="0" y="3" width="263" height="20"/>
				<textElement/>
				<textFieldExpression class="java.lang.String"><![CDATA[$F{name}]]></textFieldExpression>
			</textField>
			<textField>
				<reportElement x="263" y="3" width="292" height="20"/>
				<textElement/>
				<textFieldExpression class="java.lang.String"><![CDATA[$F{value}]]></textFieldExpression>
			</textField>
		</band>
	</detail>
</jasperReport>
<!--1305803109637-->