<?xml version="1.0" encoding="UTF-8"?>
<jasperReport xmlns="http://jasperreports.sourceforge.net/jasperreports" xmlns:xsi="http://www.w3.org/2001/XMLSchema-instance" xsi:schemaLocation="http://jasperreports.sourceforge.net/jasperreports http://jasperreports.sourceforge.net/xsd/jasperreport.xsd" name="report2_subreport1" language="groovy" pageWidth="555" pageHeight="802" columnWidth="555" leftMargin="0" rightMargin="0" topMargin="0" bottomMargin="0">
	<property name="ireport.zoom" value="3.0"/>
	<property name="ireport.x" value="0"/>
	<property name="ireport.y" value="0"/>
	<parameter name="ROWS_SUBREPORT" class="java.lang.Object" isForPrompting="false">
		<defaultValueExpression><![CDATA[""]]></defaultValueExpression>
	</parameter>
	<parameter name="MEDIA_SUBREPORT" class="java.lang.Object" isForPrompting="false">
		<defaultValueExpression><![CDATA[""]]></defaultValueExpression>
	</parameter>
	<parameter name="TABLE_SUBREPORT" class="java.lang.Object" isForPrompting="false">
		<defaultValueExpression><![CDATA[""]]></defaultValueExpression>
	</parameter>
	<parameter name="TABLE_COLUMNS_TITLES_SUBREPORT" class="java.lang.Object" isForPrompting="false"/>
	<parameter name="TABLE_ROWS_SUBREPORT" class="java.lang.Object" isForPrompting="false"/>
	<parameter name="REFERENCE_TABLE_SUBREPORT" class="java.lang.Object" isForPrompting="false"/>
	<parameter name="REFERENCE_TABLE_ROWS_SUBREPORT" class="java.lang.Object" isForPrompting="false"/>
	<parameter name="LOCALIZED_ROW_DS_EXP" class="java.lang.String" isForPrompting="false">
		<defaultValueExpression><![CDATA["/row/attribute/language"]]></defaultValueExpression>
	</parameter>
	<parameter name="LOCALIZED_ROW_SUBREPORT" class="java.lang.Object" isForPrompting="false"/>
	<parameter name="CUSTOM_ROW_DS_EXP" class="java.lang.String" isForPrompting="false">
		<defaultValueExpression><![CDATA[]]></defaultValueExpression>
	</parameter>
	<parameter name="CUSTOM_ROW_SUBREPORT" class="java.lang.Object" isForPrompting="false"/>
	<parameter name="ATTRIBUTES_SUBREPORT" class="java.lang.Object" isForPrompting="false">
		<defaultValueExpression><![CDATA[]]></defaultValueExpression>
	</parameter>
	<queryString language="xPath">
		<![CDATA[/root/section/row]]>
	</queryString>
	<field name="type" class="java.lang.String">
		<fieldDescription><![CDATA[@type]]></fieldDescription>
	</field>
	<background>
		<band splitType="Stretch"/>
	</background>
	<detail>
		<band height="10" splitType="Stretch">
			<subreport>
				<reportElement x="0" y="0" width="555" height="10" isPrintWhenDetailOverflows="true">
					<printWhenExpression><![CDATA[$F{type}.contains("simple")]]></printWhenExpression>
				</reportElement>
				<dataSourceExpression><![CDATA[$P{REPORT_DATA_SOURCE}.subDataSource("/row/attribute")]]></dataSourceExpression>
				<subreportExpression class="net.sf.jasperreports.engine.JasperReport"><![CDATA[((net.sf.jasperreports.engine.JasperReport)$P{ROWS_SUBREPORT})]]></subreportExpression>
			</subreport>
			<subreport>
				<reportElement x="0" y="0" width="555" height="10" isPrintWhenDetailOverflows="true">
					<printWhenExpression><![CDATA[$F{type}.contains("media")]]></printWhenExpression>
				</reportElement>
				<dataSourceExpression><![CDATA[$P{REPORT_DATA_SOURCE}.subDataSource("/row/attribute")]]></dataSourceExpression>
				<subreportExpression class="net.sf.jasperreports.engine.JasperReport"><![CDATA[((net.sf.jasperreports.engine.JasperReport)$P{MEDIA_SUBREPORT})]]></subreportExpression>
			</subreport>
			<subreport isUsingCache="false">
				<reportElement x="0" y="0" width="555" height="10" isPrintWhenDetailOverflows="true">
					<printWhenExpression><![CDATA[$F{type}.contains("table")]]></printWhenExpression>
				</reportElement>
				<subreportParameter name="TABLE_COLUMNS_TITLES_SUBREPORT">
					<subreportParameterExpression><![CDATA[$P{TABLE_COLUMNS_TITLES_SUBREPORT}]]></subreportParameterExpression>
				</subreportParameter>
				<subreportParameter name="TABLE_ROWS_SUBREPORT">
					<subreportParameterExpression><![CDATA[$P{TABLE_ROWS_SUBREPORT}]]></subreportParameterExpression>
				</subreportParameter>
				<dataSourceExpression><![CDATA[$P{REPORT_DATA_SOURCE}.subDataSource("/row")]]></dataSourceExpression>
				<subreportExpression class="net.sf.jasperreports.engine.JasperReport"><![CDATA[((net.sf.jasperreports.engine.JasperReport)$P{TABLE_SUBREPORT})]]></subreportExpression>
			</subreport>
			<subreport>
				<reportElement x="0" y="0" width="555" height="10" isPrintWhenDetailOverflows="true">
					<printWhenExpression><![CDATA[$F{type}.contains("reference_table")]]></printWhenExpression>
				</reportElement>
				<subreportParameter name="REFERENCE_TABLE_ROWS_SUBREPORT">
					<subreportParameterExpression><![CDATA[$P{REFERENCE_TABLE_ROWS_SUBREPORT}]]></subreportParameterExpression>
				</subreportParameter>
				<dataSourceExpression><![CDATA[$P{REPORT_DATA_SOURCE}.subDataSource("/row/reference")]]></dataSourceExpression>
				<subreportExpression class="net.sf.jasperreports.engine.JasperReport"><![CDATA[((net.sf.jasperreports.engine.JasperReport)$P{REFERENCE_TABLE_SUBREPORT})]]></subreportExpression>
			</subreport>
			<subreport>
				<reportElement x="0" y="0" width="555" height="10" isPrintWhenDetailOverflows="true">
					<printWhenExpression><![CDATA[$F{type}.contains("custom")]]></printWhenExpression>
				</reportElement>
				<dataSourceExpression><![CDATA[$P{REPORT_DATA_SOURCE}.subDataSource($P{CUSTOM_ROW_DS_EXP})]]></dataSourceExpression>
				<subreportExpression class="net.sf.jasperreports.engine.JasperReport"><![CDATA[((net.sf.jasperreports.engine.JasperReport)$P{CUSTOM_ROW_SUBREPORT})]]></subreportExpression>
			</subreport>
			<subreport isUsingCache="false">
				<reportElement x="0" y="0" width="555" height="10" isPrintWhenDetailOverflows="true">
					<printWhenExpression><![CDATA[$F{type}.contains("localized")]]></printWhenExpression>
				</reportElement>
				<dataSourceExpression><![CDATA[$P{REPORT_DATA_SOURCE}.subDataSource($P{LOCALIZED_ROW_DS_EXP})]]></dataSourceExpression>
				<subreportExpression class="net.sf.jasperreports.engine.JasperReport"><![CDATA[((net.sf.jasperreports.engine.JasperReport)$P{LOCALIZED_ROW_SUBREPORT})]]></subreportExpression>
			</subreport>
			<subreport>
				<reportElement x="0" y="0" width="555" height="10" isPrintWhenDetailOverflows="true">
					<printWhenExpression><![CDATA[$F{type}.contains("attributes")]]></printWhenExpression>
				</reportElement>
				<dataSourceExpression><![CDATA[$P{REPORT_DATA_SOURCE}.subDataSource("/row/attributes")]]></dataSourceExpression>
				<subreportExpression class="net.sf.jasperreports.engine.JasperReport"><![CDATA[((net.sf.jasperreports.engine.JasperReport)$P{ATTRIBUTES_SUBREPORT})]]></subreportExpression>
			</subreport>
		</band>
	</detail>
</jasperReport>
