<?xml version="1.0" encoding="UTF-8"?>
<!--
 Copyright (c) 2019 SAP SE or an SAP affiliate company. All rights reserved
-->
<base>
	<search>
		<search-properties>
			<property qualifier="ClassAttributeAssignment.classificationAttribute"/>
			<property qualifier="ClassAttributeAssignment.pk"/>
		</search-properties>
	</search>
	<label>
		<property qualifier="ClassAttributeAssignment.classificationAttribute.code"/>
		<property qualifier="ClassAttributeAssignment.classificationAttribute.name"/>
		<property qualifier="ClassAttributeAssignment.pk"/>
	</label>
</base>
