<?xml version="1.0" encoding="UTF-8"?>
<!--
 Copyright (c) 2019 SAP SE or an SAP affiliate company. All rights reserved
-->
<editor>
	<group qualifier="General" visible="true" initially-opened="true">
		<label key="cockpit.config.label.General" />
		<property qualifier="commentattachment.item">
			<parameter>
				<name>allowCreate</name>
				<value>true</value>
			</parameter>
			<parameter>
				<name>allowAutocompletion</name>
				<value>true</value>
			</parameter>
			<parameter>
				<name>autocompletionSearchType</name>
				<value>Media</value>
			</parameter>
			<parameter>
				<name>restrictToCreateTypes</name>
				<value>Product+,Category+,Media,MediaContainer+,PriceRow+,Principal+,Voucher+,Promotion+</value>
			</parameter>
		</property>
		<property qualifier="commentattachment.abstractComment" />
	</group>
</editor>
