8796093153422;8796098560142;8796093219435;allDocuments,allowedPrincipals,assignedCockpitItemTemplates,categories,data_sheet,detail,keywords,logo,medias,normal,others,picture,products,promotions,supercategories,thumbnail,thumbnails;;true
8796093284494;8796098822286;8796093350507;allDocuments,allowedPrincipals,assignedCockpitItemTemplates,categories,data_sheet,detail,keywords,logo,medias,normal,others,picture,products,promotions,supercategories,thumbnail,thumbnails;;true
8796093415566;8796099051662;8796093547115;allDocuments,allowedPrincipals,assignedCockpitItemTemplates,categories,data_sheet,detail,keywords,logo,medias,normal,others,picture,products,promotions,supercategories,thumbnail,thumbnails;;true
8796093448334;8796099215502;8796093678187;allDocuments,allowedPrincipals,assignedCockpitItemTemplates,categories,data_sheet,detail,keywords,logo,medias,normal,others,picture,products,promotions,supercategories,thumbnail,thumbnails;;true
8796093317262;8796099018894;8796093514347;allDocuments,allowedPrincipals,assignedCockpitItemTemplates,categories,data_sheet,detail,keywords,logo,medias,normal,others,picture,products,promotions,supercategories,thumbnail,thumbnails;;true
8796093644942;8796099477646;8796093907563;allDocuments,allowedPrincipals,assignedCockpitItemTemplates,categories,data_sheet,detail,keywords,logo,medias,normal,others,picture,products,promotions,supercategories,thumbnail,thumbnails;;true
8796097708174;8796099870862;8796094268011;allDocuments,allowedPrincipals,assignedCockpitItemTemplates,categories,data_sheet,detail,keywords,logo,medias,normal,others,picture,products,promotions,supercategories,thumbnail,thumbnails;;true
8796097839246;8796100165774;8796094464619;allDocuments,allowedPrincipals,assignedCockpitItemTemplates,categories,data_sheet,detail,keywords,logo,medias,normal,others,picture,products,promotions,supercategories,thumbnail,thumbnails;;true
8796093055118;8796098592910;8796093186667;allDocuments,allowedPrincipals,assignedCockpitItemTemplates,categories,data_sheet,detail,keywords,logo,medias,normal,others,picture,products,promotions,supercategories,thumbnail,thumbnails;;true
8796093743246;8796099641486;8796094071403;allDocuments,allowedPrincipals,assignedCockpitItemTemplates,categories,data_sheet,detail,keywords,logo,medias,normal,others,picture,products,promotions,supercategories,thumbnail,thumbnails;;true
8796098166926;8796100690062;8796094857835;allDocuments,allowedPrincipals,assignedCockpitItemTemplates,categories,data_sheet,detail,keywords,logo,medias,normal,others,picture,products,promotions,supercategories,thumbnail,thumbnails;;true
8796097970318;8796100460686;8796094661227;allDocuments,allowedPrincipals,assignedCockpitItemTemplates,categories,data_sheet,detail,keywords,logo,medias,normal,others,picture,products,promotions,supercategories,thumbnail,thumbnails;;true
8796098297998;8796100919438;8796095021675;allDocuments,allowedPrincipals,assignedCockpitItemTemplates,categories,data_sheet,detail,keywords,logo,medias,normal,others,picture,products,promotions,supercategories,thumbnail,thumbnails;;true
8796097806478;8796100231310;8796094497387;allDocuments,allowedPrincipals,assignedCockpitItemTemplates,categories,data_sheet,detail,keywords,logo,medias,normal,others,picture,products,promotions,supercategories,thumbnail,thumbnails;;true
8796098723841;8796108062721;8796643361387;productReferences;;true
8796132639326;8796159476318;8797092250219;allDocuments,assignedCockpitItemTemplates,icon;;true
8796098985985;8796108324865;8796673442411;productReferences;;true
8796132147806;8796159607390;;;8796099018753->8796108357633;true
8796099018753;8796108357633;8796693398123;productReferences;;true
8796099051521;8796108390401;8796696281707;productReferences;;true
8796127199838;8796159771230;8797092479595;allDocuments,assignedCockpitItemTemplates,icon;;true
8796127199838;8796159803998;;;8796099837953->8796109176833;true
8796099837953;8796109176833;8796769550955;productReferences;;true
8796126937694;8796159967838;;;8796099870721->8796109209601;true
8796099870721;8796109209601;8796781511275;productReferences;;true
8796138439262;8796160066142;8797092643435;allDocuments,assignedCockpitItemTemplates,icon;;true
8796138439262;8796160098910;;;8796100493313->8796109897729;true
8796100493313;8796109897729;8796875915883;productReferences;;true
8796129493598;;;;;false
8796128608862;;;;;false
