<?xml version="1.0" encoding="UTF-8"?>
<!--
 Copyright (c) 2019 SAP SE or an SAP affiliate company. All rights reserved
-->
<advanced-search>
	<group name="root" type="PatternConstraint">
		<label key="config.general.searchfor" />
		<group name="general">
			<label key="cockpit.config.label.General" />
			<property qualifier="AbstractConstraint.id" sort-enabled="true" visible="true"/>
			<property qualifier="AbstractConstraint.annotation" sort-enabled="true" visible="true" editor="class"/>
			<property qualifier="AbstractConstraint.target" sort-enabled="true" visible="true" editor="class"/>
			<property qualifier="AbstractConstraint.active" sort-enabled="true" visible="true"/>	
			<property qualifier="AbstractConstraint.needReload" sort-enabled="true" visible="true"/>		
			<property qualifier="AbstractConstraint.message" sort-enabled="true" visible="true"/>	
			<property qualifier="AbstractConstraint.message" sort-enabled="true" visible="true"/>
			<property qualifier="AttributeConstraint.qualifier" sort-enabled="true" visible="true"/>
			<property qualifier="PatternConstraint.regexp" sort-enabled="true" visible="true"/>
			<property qualifier="PatternConstraint.flags" sort-enabled="true" visible="true"/>			
		</group>
		<group name="other">
			<label key="cockpit.config.label.Other" />
			<property qualifier="Item.pk" sort-enabled="true" visible="false"/>		
		</group>				
	</group>	
	
</advanced-search>
