<?xml version="1.0" encoding="UTF-8"?>
<!--
 Copyright (c) 2019 SAP SE or an SAP affiliate company. All rights reserved
-->
<base>
	<search>
		<search-properties>
			<property qualifier="Address.owner"/>
			<property qualifier="Address.country"/>
			<property qualifier="Address.company"/>
		</search-properties>
		<sort-properties>
		<property qualifier="Item.modifiedtime"/>
			<property qualifier="Address.owner"/>
			<property qualifier="Address.country"/>
			<property qualifier="Address.company"/>
			<property qualifier="Item.pk"/>
		</sort-properties>
	</search>
	<label spring-bean="addressLabelProvider"/>
</base>