<?xml version="1.0" encoding="UTF-8"?>
<!--
 Copyright (c) 2019 SAP SE or an SAP affiliate company. All rights reserved
-->
<base>
	<search>
		<search-properties>
			<property qualifier="CatalogVersion.version"/>
			<property qualifier="CatalogVersion.catalog.name"/>
			<property qualifier="CatalogVersion.mnemonic"/>
		</search-properties>
		<sort-properties>
		<property qualifier="Item.modifiedtime"/>
			<property qualifier="Item.pk"/>
			<property qualifier="CatalogVersion.version"/>
			<property qualifier="CatalogVersion.mnemonic"/>
		</sort-properties>
	</search>
	<label spring-bean="catalogVersionLabelProvider"/>
</base>
