<?xml version="1.0" encoding="UTF-8"?>
<!--
 Copyright (c) 2019 SAP SE or an SAP affiliate company. All rights reserved
-->
<editor>

	<group qualifier="general" visible="true" initially-opened="true">
		<label key="cockpit.config.label.General" />
		<property qualifier="pricerow.product"/>
		<property qualifier="pricerow.minqtd"/>
		<property qualifier="pricerow.price"/>
		<property qualifier="pricerow.currency"/>
		<property qualifier="pricerow.channel"/>
		<property qualifier="pricerow.unit"/>
		<property qualifier="pricerow.unitFactor"/>
	</group>

	<group qualifier="additional" visible="true" initially-opened="false">
		<label key="cockpit.config.label.Additional" />
        <property qualifier="pricerow.user"/>
        <property qualifier="pricerow.pg"/>
        <property qualifier="pricerow.ug"/>
		<property qualifier="pricerow.giveAwayPrice"/>
        <property qualifier="pricerow.startTime"/>
        <property qualifier="pricerow.endTime"/>
        <property qualifier="pricerow.catalogVersion"/>
	</group>

	<custom-group
		class="de.hybris.platform.cockpit.services.config.impl.UnassignedEditorSectionConfiguration"
		qualifier="unassigned"
		initially-opened="false">
		<label key="cockpit.config.label.Other" />
	</custom-group>

	<group qualifier="admin" visible="true" initially-opened="false">
		<label key="config.general.administration" />
		<property qualifier="Item.pk" />
		<property qualifier="Item.creationTime" />
		<property qualifier="Item.modifiedtime" />
	</group>

</editor>
