<?xml version="1.0" encoding="UTF-8"?>
<!--
 Copyright (c) 2020 SAP SE or an SAP affiliate company. All rights reserved.
-->
<advanced-search>
	
	<group name="root" type="pagetemplate">
		<label key="config.general.searchfor" />
		<group name="general">
			<label key="cockpit.config.label.General" />
			<property qualifier="pagetemplate.uid" sort-enabled="true"/>
			<property qualifier="pagetemplate.name" sort-enabled="true"/>
			<property qualifier="pagetemplate.catalogVersion" sort-enabled="true"/>
			<property qualifier="pagetemplate.active" sort-enabled="false"/>
			<property qualifier="pagetemplate.velocitytemplate" sort-enabled="false" visible="false"/>
		</group>
	</group>
	
</advanced-search>
