<?xml version="1.0" encoding="UTF-8"?>
<!--
 Copyright (c) 2020 SAP SE or an SAP affiliate company. All rights reserved.
-->
<editor>
	<group qualifier="General">
		<label key="cockpit.config.label.General" />
		<property qualifier="PreviewData.user" />
		<property qualifier="PreviewData.userGroup" />
		<property qualifier="PreviewData.time" >
			<parameter>
				<name>showExtrasMenu</name>
				<value>true</value>
			</parameter>
		</property>
		<property qualifier="PreviewData.language"  editor="simple"/>
		<property qualifier="PreviewData.page"/>
		<property qualifier="PreviewData.catalogVersions" editor="catalogVersionEditor"/>
	</group>
</editor>
