<?xml version="1.0" encoding="UTF-8"?>
<!--
 Copyright (c) 2019 SAP SE or an SAP affiliate company. All rights reserved
-->
<editor>

	<group qualifier="General" visible="true" initially-opened="true">
		<label key="cockpit.config.label.General" />
		<property qualifier="classattributeassignment.classificationClass" />
		<property qualifier="classattributeassignment.classificationAttribute">
			<parameter>
				<name>allowCreate</name>
				<value>true</value>
	 		</parameter>
		</property>
		<property qualifier="classattributeassignment.externalID" />
		<property qualifier="classattributeassignment.attributeType" />
	</group>

	<group qualifier="AttributeProperties" visible="true" initially-opened="false">
		<label key="cockpit.Editor.propertiesoftheattribute" />
		<property qualifier="classattributeassignment.unit" />
		<property qualifier="classattributeassignment.formatDefinition" />
		<property qualifier="classattributeassignment.mandatory" />
		<property qualifier="classattributeassignment.localized" />
		<property qualifier="classattributeassignment.multiValued" />
		<property qualifier="classattributeassignment.range" />
	</group>

	<group qualifier="Visibility" visible="true" initially-opened="false">
		<label key="cockpit.Editor.visibilityoftheattribute" />
		<property qualifier="classattributeassignment.visibility" />
		<property qualifier="classattributeassignment.searchable" />
		<property qualifier="classattributeassignment.listable" />
		<property qualifier="classattributeassignment.comparable" />
	</group>

	<group qualifier="Facet" visible="true" initially-opened="false">
		<label key="cockpit.Editor.facetsearchservice" />
		<property qualifier="classattributeassignment.facetSearchExported" />
		<property qualifier="classattributeassignment.facet" />
		<property qualifier="classattributeassignment.facetSortOrder" />
		<property qualifier="classattributeassignment.enriched" />
	</group>

	<group qualifier="FeatureDescriptorValues" visible="true" initially-opened="false">
		<label key="cockpit.Editor.featuredescriptorvalues" />
		<property qualifier="classattributeassignment.attributeValues" />
	</group>

	<group qualifier="admin" visible="true" initially-opened="false">
		<label key="config.general.administration" />
		<property qualifier="Item.pk" />
		<property qualifier="Item.creationTime" />
		<property qualifier="Item.modifiedtime" />
		<property qualifier="Item.assignedCockpitItemTemplates"/>
	</group>
</editor>
