<?xml version="1.0" encoding="UTF-8"?>
<!--
 Copyright (c) 2020 SAP SE or an SAP affiliate company. All rights reserved.
-->
<editor>	
	<group qualifier="General" visible="true" initially-opened="true">
		<label key="cockpit.config.label.General" />
		<property qualifier="cmssite.uid"/>
		<property qualifier="cmssite.name"/>
		<property qualifier="cmssite.urlPatterns"/>
		<property qualifier="cmssite.active"/>
		<property qualifier="cmssite.activeFrom"/>
		<property qualifier="cmssite.activeUntil"/>
		<property qualifier="cmssite.urlGeneratorClassName"/>
		<property qualifier="cmssite.defaultCatalog"/>
		<property qualifier="cmssite.startPageLabel"/>
		<property qualifier="cmssite.redirectURL"/>
		<property qualifier="cmssite.previewURL"/>
		<property qualifier="cmssite.contentCatalogs"/>
		<property qualifier="cmssite.productCatalogs"/>
		
	</group>

	<group qualifier="admin" visible="true" initially-opened="false">
		<label key="config.general.administration" />
		<property qualifier="Item.pk" />
		<property qualifier="Item.creationTime" />
		<property qualifier="Item.modifiedtime" />
	</group>
	
	<custom-group 
		class="de.hybris.platform.cockpit.services.config.impl.UnassignedEditorSectionConfiguration" 
		qualifier="unassigned"
		initially-opened="false">
		<label key="cockpit.config.label.Other" />
	</custom-group>
</editor>
