<?xml version="1.0" encoding="UTF-8"?>
<!--
 Copyright (c) 2019 SAP SE or an SAP affiliate company. All rights reserved
-->
<base>
	<search>
		<search-properties>
			<property qualifier="MediaFolder.qualifier"/>
			<property qualifier="MediaFolder.path"/>
		</search-properties>
		<sort-properties>
		<property qualifier="Item.modifiedtime"/>
			<property qualifier="MediaFolder.qualifier"/>
			<property qualifier="MediaFolder.path"/>
			<property qualifier="Item.pk"/>
		</sort-properties>
	</search>
	<label>
 		<property qualifier="MediaFolder.qualifier"/>
	</label>
</base>
