8796093087886;8796098396302;8796093121131;categories,supercategories;;false
8796093120654;8796098527374;8796093153899;allDocuments,allowedPrincipals,assignedCockpitItemTemplates,categories,data_sheet,detail,keywords,logo,medias,normal,others,picture,products,promotions,supercategories,thumbnail,thumbnails;;true
8796214558750;;;;8796093153422->8796098494606;true
8796214362142;;;;8796093055118->8796098461838;true
8796093055118;8796098592910;8796093186667;allDocuments,allowedPrincipals,assignedCockpitItemTemplates,categories,data_sheet,detail,keywords,logo,medias,normal,others,picture,products,promotions,supercategories,thumbnail,thumbnails;;true
8796093153422;8796098560142;8796093219435;allDocuments,allowedPrincipals,assignedCockpitItemTemplates,categories,data_sheet,detail,keywords,logo,medias,normal,others,picture,products,promotions,supercategories,thumbnail,thumbnails;;true
8796093218958;8796098625678;8796093252203;categories,supercategories;;false
8796093186190;8796098756750;8796093284971;allDocuments,allowedPrincipals,assignedCockpitItemTemplates,categories,data_sheet,detail,keywords,logo,medias,normal,others,picture,products,promotions,supercategories,thumbnail,thumbnails;;true
8796093251726;8796098789518;8796093317739;allDocuments,allowedPrincipals,assignedCockpitItemTemplates,categories,data_sheet,detail,keywords,logo,medias,normal,others,picture,products,promotions,supercategories,thumbnail,thumbnails;;true
8796214525982;;;;8796093284494->8796098723982;true
8796093284494;8796098822286;8796093350507;allDocuments,allowedPrincipals,assignedCockpitItemTemplates,categories,data_sheet,detail,keywords,logo,medias,normal,others,picture,products,promotions,supercategories,thumbnail,thumbnails;;true
8796214558750;;;;8796093317262->8796098920590;true
8796093350030;8796098855054;8796093448811;products;;false
8796214722590;;;;8796093415566->8796098953358;true
8796093382798;8796098986126;8796093481579;allDocuments,allowedPrincipals,assignedCockpitItemTemplates,categories,data_sheet,detail,keywords,logo,medias,normal,others,picture,products,promotions,supercategories,thumbnail,thumbnails;;true
8796093317262;8796099018894;8796093514347;allDocuments,allowedPrincipals,assignedCockpitItemTemplates,categories,data_sheet,detail,keywords,logo,medias,normal,others,picture,products,promotions,supercategories,thumbnail,thumbnails;;true
8796093415566;8796099051662;8796093547115;allDocuments,allowedPrincipals,assignedCockpitItemTemplates,categories,data_sheet,detail,keywords,logo,medias,normal,others,picture,products,promotions,supercategories,thumbnail,thumbnails;;true
8796215050270;;;;8796093513870->8796099117198;true
8796093481102;8796099084430;8796093645419;products;;false
8796214788126;;;;8796093448334->8796099149966;true
8796215312414;;;;8796093546638->8796099182734;true
8796093448334;8796099215502;8796093678187;allDocuments,allowedPrincipals,assignedCockpitItemTemplates,categories,data_sheet,detail,keywords,logo,medias,normal,others,picture,products,promotions,supercategories,thumbnail,thumbnails;;true
8796093513870;8796099248270;8796093710955;allDocuments,allowedPrincipals,assignedCockpitItemTemplates,categories,data_sheet,detail,keywords,logo,medias,normal,others,picture,products,promotions,supercategories,thumbnail,thumbnails;;true
8796093546638;8796099281038;8796093743723;allDocuments,allowedPrincipals,assignedCockpitItemTemplates,categories,data_sheet,detail,keywords,logo,medias,normal,others,picture,products,promotions,supercategories,thumbnail,thumbnails;;true
8796215541790;;;;8796093612174->8796099346574;true
8796093579406;8796099313806;8796093842027;products;;false
8796215607326;;;;8796093644942->8796099379342;true
8796093612174;8796099412110;8796093874795;allDocuments,allowedPrincipals,assignedCockpitItemTemplates,categories,data_sheet,detail,keywords,logo,medias,normal,others,picture,products,promotions,supercategories,thumbnail,thumbnails;;true
8796215640094;;;;8796093677710->8796099444878;true
8796093644942;8796099477646;8796093907563;allDocuments,allowedPrincipals,assignedCockpitItemTemplates,categories,data_sheet,detail,keywords,logo,medias,normal,others,picture,products,promotions,supercategories,thumbnail,thumbnails;;true
8796093677710;8796099510414;8796093940331;allDocuments,allowedPrincipals,assignedCockpitItemTemplates,categories,data_sheet,detail,keywords,logo,medias,normal,others,picture,products,promotions,supercategories,thumbnail,thumbnails;;true
8796216033310;;;;8796093743246->8796099575950;true
8796093710478;8796099543182;8796094038635;products;;false
8796216098846;;;;8796093776014->8796099608718;true
8796093743246;8796099641486;8796094071403;allDocuments,allowedPrincipals,assignedCockpitItemTemplates,categories,data_sheet,detail,keywords,logo,medias,normal,others,picture,products,promotions,supercategories,thumbnail,thumbnails;;true
8796093776014;8796099674254;8796094104171;allDocuments,allowedPrincipals,assignedCockpitItemTemplates,categories,data_sheet,detail,keywords,logo,medias,normal,others,picture,products,promotions,supercategories,thumbnail,thumbnails;;true
8796093874318;8796099772558;8796094202475;products;;false
8796213116958;;;;8796097708174->8796099805326;true
8796216295454;;;;8796093808782->8796099707022;true
8796093841550;8796099838094;8796094235243;allDocuments,allowedPrincipals,assignedCockpitItemTemplates,categories,data_sheet,detail,keywords,logo,medias,normal,others,picture,products,promotions,supercategories,thumbnail,thumbnails;;true
8796097708174;8796099870862;8796094268011;allDocuments,allowedPrincipals,assignedCockpitItemTemplates,categories,data_sheet,detail,keywords,logo,medias,normal,others,picture,products,promotions,supercategories,thumbnail,thumbnails;;true
8796093808782;8796099903630;8796094300779;allDocuments,allowedPrincipals,assignedCockpitItemTemplates,categories,data_sheet,detail,keywords,logo,medias,normal,others,picture,products,promotions,supercategories,thumbnail,thumbnails;;true
8796097740942;8796099936398;8796094366315;products,supercategories;;false
8796213182494;;;;8796097773710->8796099969166;true
8796097773710;8796100100238;8796094399083;allDocuments,allowedPrincipals,assignedCockpitItemTemplates,categories,data_sheet,detail,keywords,logo,medias,normal,others,picture,products,promotions,supercategories,thumbnail,thumbnails;;true
8796097872014;8796100067470;8796094431851;categories;;false
8796213313566;;;;8796097839246->8796100034702;true
8796097839246;8796100165774;8796094464619;allDocuments,allowedPrincipals,assignedCockpitItemTemplates,categories,data_sheet,detail,keywords,logo,medias,normal,others,picture,products,promotions,supercategories,thumbnail,thumbnails;;true
8796213248030;;;;8796097806478->8796100001934;true
8796213280798;;;;8796097904782->8796100133006;true
8796097806478;8796100231310;8796094497387;allDocuments,allowedPrincipals,assignedCockpitItemTemplates,categories,data_sheet,detail,keywords,logo,medias,normal,others,picture,products,promotions,supercategories,thumbnail,thumbnails;;true
8796097904782;8796100296846;8796094530155;allDocuments,allowedPrincipals,assignedCockpitItemTemplates,categories,data_sheet,detail,keywords,logo,medias,normal,others,picture,products,promotions,supercategories,thumbnail,thumbnails;;true
8796213641246;;;;8796098003086->8796100329614;true
8796097937550;8796100198542;8796094595691;products;;false
8796098003086;8796100395150;8796094628459;allDocuments,allowedPrincipals,assignedCockpitItemTemplates,categories,data_sheet,detail,keywords,logo,medias,normal,others,picture,products,promotions,supercategories,thumbnail,thumbnails;;true
8796213739550;;;;8796098035854->8796100362382;true
8796213215262;;;;8796097970318->8796100264078;true
8796097970318;8796100460686;8796094661227;allDocuments,allowedPrincipals,assignedCockpitItemTemplates,categories,data_sheet,detail,keywords,logo,medias,normal,others,picture,products,promotions,supercategories,thumbnail,thumbnails;;true
8796098035854;8796100493454;8796094693995;allDocuments,allowedPrincipals,assignedCockpitItemTemplates,categories,data_sheet,detail,keywords,logo,medias,normal,others,picture,products,promotions,supercategories,thumbnail,thumbnails;;true
8796213674014;;;;8796098101390->8796100526222;true
8796098068622;8796100427918;8796094759531;products;;false
8796213706782;;;;8796098134158->8796100558990;true
8796098101390;8796100624526;8796094792299;allDocuments,allowedPrincipals,assignedCockpitItemTemplates,categories,data_sheet,detail,keywords,logo,medias,normal,others,picture,products,promotions,supercategories,thumbnail,thumbnails;;true
8796213837854;;;;8796098166926->8796100591758;true
8796098134158;8796100657294;8796094825067;allDocuments,allowedPrincipals,assignedCockpitItemTemplates,categories,data_sheet,detail,keywords,logo,medias,normal,others,picture,products,promotions,supercategories,thumbnail,thumbnails;;true
8796098166926;8796100690062;8796094857835;allDocuments,allowedPrincipals,assignedCockpitItemTemplates,categories,data_sheet,detail,keywords,logo,medias,normal,others,picture,products,promotions,supercategories,thumbnail,thumbnails;;true
8796213805086;;;;8796098232462->8796100755598;true
8796098199694;8796100722830;8796094923371;products;;false
8796098232462;8796100853902;8796094956139;allDocuments,allowedPrincipals,assignedCockpitItemTemplates,categories,data_sheet,detail,keywords,logo,medias,normal,others,picture,products,promotions,supercategories,thumbnail,thumbnails;;true
8796098265230;8796100886670;8796094988907;allDocuments,allowedPrincipals,assignedCockpitItemTemplates,categories,data_sheet,detail,keywords,logo,medias,normal,others,picture,products,promotions,supercategories,thumbnail,thumbnails;;true
8796098297998;8796100919438;8796095021675;allDocuments,allowedPrincipals,assignedCockpitItemTemplates,categories,data_sheet,detail,keywords,logo,medias,normal,others,picture,products,promotions,supercategories,thumbnail,thumbnails;;true
8796098330766;8796100952206;8796095054443;products;;false
8796098363534;8796101017742;8796095087211;allDocuments,allowedPrincipals,assignedCockpitItemTemplates,categories,data_sheet,detail,keywords,logo,medias,normal,others,picture,products,promotions,supercategories,thumbnail,thumbnails;;true
8796139356766;;;;8796093054977->8796101967873;false
8796139389534;;;;8796093054977->8796101967873;false
8796139422302;;;;8796093054977->8796101967873;false
8796093054977;8796101967873;8796099510891;productReferences;;false
8796093087745;8796102164481;8796104327787;allDocuments,europe1Discounts,europe1Prices,europe1Taxes,features,galleryImages,ownEurope1Discounts,ownEurope1Prices,ownEurope1Taxes,productReferences,untypedFeatures,variants,Europe1PriceFactory_PDG,Europe1PriceFactory_PPG,Europe1PriceFactory_PTG,articleStatus,assignedCockpitItemTemplates,buyerIDS,contentUnit,data_sheet,deliveryModes,detail,futureStocks,keywords,linkComponents,logo,normal,others,picture,productOrderLimit,stockLevels,supercategories,thumbnail,thumbnails,unit,vendors;;true
8796093284353;8796102328321;8796106785387;allDocuments,europe1Discounts,europe1Prices,europe1Taxes,features,galleryImages,ownEurope1Discounts,ownEurope1Prices,ownEurope1Taxes,productReferences,untypedFeatures,variants,Europe1PriceFactory_PDG,Europe1PriceFactory_PPG,Europe1PriceFactory_PTG,articleStatus,assignedCockpitItemTemplates,buyerIDS,contentUnit,data_sheet,deliveryModes,detail,futureStocks,keywords,linkComponents,logo,normal,others,picture,productOrderLimit,stockLevels,supercategories,thumbnail,thumbnails,unit,vendors;;true
8796093480961;8796102492161;8796109767275;allDocuments,europe1Discounts,europe1Prices,europe1Taxes,features,galleryImages,ownEurope1Discounts,ownEurope1Prices,ownEurope1Taxes,productReferences,untypedFeatures,variants,Europe1PriceFactory_PDG,Europe1PriceFactory_PPG,Europe1PriceFactory_PTG,articleStatus,assignedCockpitItemTemplates,buyerIDS,contentUnit,data_sheet,deliveryModes,detail,futureStocks,keywords,linkComponents,logo,normal,others,picture,productOrderLimit,stockLevels,supercategories,thumbnail,thumbnails,unit,vendors;;true
8796093743105;8796102819841;8796143092331;allDocuments,europe1Discounts,europe1Prices,europe1Taxes,features,galleryImages,ownEurope1Discounts,ownEurope1Prices,ownEurope1Taxes,productReferences,untypedFeatures,variants,Europe1PriceFactory_PDG,Europe1PriceFactory_PPG,Europe1PriceFactory_PTG,articleStatus,assignedCockpitItemTemplates,buyerIDS,contentUnit,data_sheet,deliveryModes,detail,futureStocks,keywords,linkComponents,logo,normal,others,picture,productOrderLimit,stockLevels,supercategories,thumbnail,thumbnails,unit,vendors;;true
8796126085726;;;;8796093677569->8796102656001;false
8796126151262;;;;8796093677569->8796102656001;false
8796126282334;;;;8796093677569->8796102656001;false
8796093677569;8796102656001;8796162622059;productReferences;;false
8796270428190;8796397600798;8796166783595;mediaContainer;8796094005249->8796103016449;false
8796244082718;8796397633566;8796166980203;mediaContainer;8796094005249->8796103016449;false
8796322955294;8796397666334;8796167111275;mediaContainer;8796094005249->8796103016449;false
8796349399070;8796397699102;8796167275115;mediaContainer;8796094005249->8796103016449;false
8796296839198;8796397731870;8796167471723;mediaContainer;8796094005249->8796103016449;false
8796128772702;;;;8796094267393->8796103278593;false
8796128739934;;;;8796094267393->8796103278593;false
8796129034846;;;;8796094267393->8796103278593;false
8796129133150;;;;8796094267393->8796103278593;false
8796129165918;;;;8796094267393->8796103278593;false
8796094267393;8796103278593;8796202500715;productReferences;;false
8796126184030;;;;8796095053825->8796104065025;false
8796095053825;8796104065025;8796260794987;productReferences;;false
8796138996318;;;;8796095152129->8796104163329;false
8796138930782;;;;8796095152129->8796104163329;false
8796139029086;;;;8796095152129->8796104163329;false
8796139061854;;;;8796095152129->8796104163329;false
8796095152129;8796104163329;8796268036715;productReferences;;false
8796095545345;8796104622081;8796309455467;allDocuments,europe1Discounts,europe1Prices,europe1Taxes,features,galleryImages,ownEurope1Discounts,ownEurope1Prices,ownEurope1Taxes,productReferences,untypedFeatures,variants,Europe1PriceFactory_PDG,Europe1PriceFactory_PPG,Europe1PriceFactory_PTG,articleStatus,assignedCockpitItemTemplates,buyerIDS,contentUnit,data_sheet,deliveryModes,detail,futureStocks,keywords,linkComponents,logo,normal,others,picture,productOrderLimit,stockLevels,supercategories,thumbnail,thumbnails,unit,vendors;;true
8796132180574;;;;8796095447041->8796104491009;false
8796132246110;;;;8796095447041->8796104491009;false
8796132278878;;;;8796095447041->8796104491009;false
8796132311646;;;;8796095447041->8796104491009;false
8796095643649;8796104720385;8796311749227;allDocuments,europe1Discounts,europe1Prices,europe1Taxes,features,galleryImages,ownEurope1Discounts,ownEurope1Prices,ownEurope1Taxes,productReferences,untypedFeatures,variants,Europe1PriceFactory_PDG,Europe1PriceFactory_PPG,Europe1PriceFactory_PTG,articleStatus,assignedCockpitItemTemplates,buyerIDS,contentUnit,data_sheet,deliveryModes,detail,futureStocks,keywords,linkComponents,logo,normal,others,picture,productOrderLimit,stockLevels,supercategories,thumbnail,thumbnails,unit,vendors;;true
8796095447041;8796104491009;8796311552619;productReferences;;false
8796132737630;;;;8796095479809->8796104458241;false
8796132770398;;;;8796095479809->8796104458241;false
8796095479809;8796104458241;8796312666731;productReferences;;false
8796129198686;;;;8796095840257->8796104851457;false
8796095840257;8796104851457;8796318663275;productReferences;;false
8796126216798;;;;8796095774721->8796104916993;false
8796126249566;;;;8796095774721->8796104916993;false
8796126315102;;;;8796095774721->8796104916993;false
8796126347870;;;;8796095774721->8796104916993;false
8796126380638;;;;8796095774721->8796104916993;false
8796126446174;;;;8796095774721->8796104916993;false
8796126478942;;;;8796095774721->8796104916993;false
8796126413406;;;;8796095774721->8796104916993;false
8796126544478;;;;8796095774721->8796104916993;false
8796126610014;;;;8796095774721->8796104916993;false
8796126642782;;;;8796095774721->8796104916993;false
8796126675550;;;;8796095774721->8796104916993;false
8796126708318;;;;8796095774721->8796104916993;false
8796095774721;8796105015297;8796338356843;allDocuments,europe1Discounts,europe1Prices,europe1Taxes,features,galleryImages,ownEurope1Discounts,ownEurope1Prices,ownEurope1Taxes,productReferences,untypedFeatures,variants,Europe1PriceFactory_PDG,Europe1PriceFactory_PPG,Europe1PriceFactory_PTG,articleStatus,assignedCockpitItemTemplates,buyerIDS,contentUnit,data_sheet,deliveryModes,detail,futureStocks,keywords,linkComponents,logo,normal,others,picture,productOrderLimit,stockLevels,supercategories,thumbnail,thumbnails,unit,vendors;;true
8796137783902;;;;8796096036865->8796105113601;false
8796137816670;;;;8796096036865->8796105113601;false
8796137849438;;;;8796096036865->8796105113601;false
8796137882206;;;;8796096036865->8796105113601;false
8796137914974;;;;8796096036865->8796105113601;false
8796137947742;;;;8796096036865->8796105113601;false
8796138013278;;;;8796096036865->8796105113601;false
8796138046046;;;;8796096036865->8796105113601;false
8796138111582;;;;8796096036865->8796105113601;false
8796138144350;;;;8796096036865->8796105113601;false
8796138177118;;;;8796096036865->8796105113601;false
8796138209886;;;;8796096036865->8796105113601;false
8796096004097;8796105244673;8796353921643;allDocuments,europe1Discounts,europe1Prices,europe1Taxes,features,galleryImages,ownEurope1Discounts,ownEurope1Prices,ownEurope1Taxes,productReferences,untypedFeatures,variants,Europe1PriceFactory_PDG,Europe1PriceFactory_PPG,Europe1PriceFactory_PTG,articleStatus,assignedCockpitItemTemplates,buyerIDS,contentUnit,data_sheet,deliveryModes,detail,futureStocks,keywords,linkComponents,logo,normal,others,picture,productOrderLimit,stockLevels,supercategories,thumbnail,thumbnails,unit,vendors;;true
8796096036865;8796105113601;8796353692267;productReferences;;false
8796128281182;;;;8796096200705->8796105342977;false
8796128313950;;;;8796096200705->8796105342977;false
8796128346718;;;;8796096200705->8796105342977;false
8796128412254;;;;8796096200705->8796105342977;false
8796128379486;;;;8796096200705->8796105342977;false
8796128445022;;;;8796096200705->8796105342977;false
8796096200705;8796105342977;8796370141803;productReferences;;false
8796134867550;;;;8796096266241->8796105408513;false
8796134965854;;;;8796096266241->8796105408513;false
8796134998622;;;;8796096266241->8796105408513;false
8796135031390;;;;8796096266241->8796105408513;false
8796135064158;;;;8796096266241->8796105408513;false
8796135096926;;;;8796096266241->8796105408513;false
8796135227998;;;;8796096266241->8796105408513;false
8796135293534;;;;8796096266241->8796105408513;false
8796135326302;;;;8796096266241->8796105408513;false
8796096266241;8796105408513;8796387803755;productReferences;;false
8796131164766;;;;8796096233473->8796105375745;false
8796131197534;;;;8796096233473->8796105375745;false
8796096495617;8796105703425;8796391047787;allDocuments,europe1Discounts,europe1Prices,europe1Taxes,features,galleryImages,ownEurope1Discounts,ownEurope1Prices,ownEurope1Taxes,productReferences,untypedFeatures,variants,Europe1PriceFactory_PDG,Europe1PriceFactory_PPG,Europe1PriceFactory_PTG,articleStatus,assignedCockpitItemTemplates,buyerIDS,contentUnit,data_sheet,deliveryModes,detail,futureStocks,keywords,linkComponents,logo,normal,others,picture,productOrderLimit,stockLevels,supercategories,thumbnail,thumbnails,unit,vendors;;true
8796131263070;;;;8796096233473->8796105375745;false
8796131295838;;;;8796096233473->8796105375745;false
8796131328606;;;;8796096233473->8796105375745;false
8796131426910;;;;8796096233473->8796105375745;false
8796096233473;8796105375745;8796391113323;productReferences;;false
8796125856350;;;;8796096856065->8796106031105;false
8796125921886;;;;8796096856065->8796106031105;false
8796136800862;;;;8796096856065->8796106031105;false
8796136833630;;;;8796096856065->8796106031105;false
8796136866398;;;;8796096856065->8796106031105;false
8796136899166;;;;8796096856065->8796106031105;false
8796136931934;;;;8796096856065->8796106031105;false
8796136964702;;;;8796096856065->8796106031105;false
8796137030238;;;;8796096856065->8796106031105;false
8796136997470;;;;8796096856065->8796106031105;false
8796137063006;;;;8796096856065->8796106031105;false
8796137194078;;;;8796096856065->8796106031105;false
8796137226846;;;;8796096856065->8796106031105;false
8796096790529;8796106096641;8796403729003;allDocuments,europe1Discounts,europe1Prices,europe1Taxes,features,galleryImages,ownEurope1Discounts,ownEurope1Prices,ownEurope1Taxes,productReferences,untypedFeatures,variants,Europe1PriceFactory_PDG,Europe1PriceFactory_PPG,Europe1PriceFactory_PTG,articleStatus,assignedCockpitItemTemplates,buyerIDS,contentUnit,data_sheet,deliveryModes,detail,futureStocks,keywords,linkComponents,logo,normal,others,picture,productOrderLimit,stockLevels,supercategories,thumbnail,thumbnails,unit,vendors;;true
8796096856065;8796106031105;8796403663467;productReferences;;false
8796129264222;;;;8796096921601->8796106129409;false
8796129296990;;;;8796096921601->8796106129409;false
8796096921601;8796106129409;8796406940267;productReferences;;false
8796130476638;;;;8796097282049->8796106489857;false
8796130509406;;;;8796097282049->8796106489857;false
8796130542174;;;;8796097282049->8796106489857;false
8796130574942;;;;8796097282049->8796106489857;false
8796130607710;;;;8796097282049->8796106489857;false
8796130640478;;;;8796097282049->8796106489857;false
8796130673246;;;;8796097282049->8796106489857;false
8796130706014;;;;8796097282049->8796106489857;false
8796130738782;;;;8796097282049->8796106489857;false
8796130804318;;;;8796097282049->8796106489857;false
8796130837086;;;;8796097282049->8796106489857;false
8796130869854;;;;8796097282049->8796106489857;false
8796130902622;;;;8796097282049->8796106489857;false
8796097282049;8796106489857;8796446917227;productReferences;;false
8796097708033;8796107079681;8796474966635;allDocuments,europe1Discounts,europe1Prices,europe1Taxes,features,galleryImages,ownEurope1Discounts,ownEurope1Prices,ownEurope1Taxes,productReferences,untypedFeatures,variants,Europe1PriceFactory_PDG,Europe1PriceFactory_PPG,Europe1PriceFactory_PTG,articleStatus,assignedCockpitItemTemplates,buyerIDS,contentUnit,data_sheet,deliveryModes,detail,futureStocks,keywords,linkComponents,logo,normal,others,picture,productOrderLimit,stockLevels,supercategories,thumbnail,thumbnails,unit,vendors;;true
8796130411102;;;;8796098297857->8796107538433;false
8796098297857;8796107538433;8796532376171;productReferences;;false
8796133360222;;;;8796098265089->8796107505665;false
8796133392990;;;;8796098265089->8796107505665;false
8796133425758;;;;8796098265089->8796107505665;false
8796098265089;8796107505665;8796538274411;productReferences;;false
8796129854046;;;;8796098363393->8796107603969;false
8796129821278;;;;8796098363393->8796107603969;false
8796129919582;;;;8796098363393->8796107603969;false
8796129952350;;;;8796098363393->8796107603969;false
8796129886814;;;;8796098363393->8796107603969;false
8796129985118;;;;8796098363393->8796107603969;false
8796130017886;;;;8796098363393->8796107603969;false
8796130050654;;;;8796098363393->8796107603969;false
8796130083422;;;;8796098363393->8796107603969;false
8796130148958;;;;8796098363393->8796107603969;false
8796130247262;;;;8796098363393->8796107603969;false
8796130312798;;;;8796098363393->8796107603969;false
8796130345566;;;;8796098363393->8796107603969;false
8796130378334;;;;8796098363393->8796107603969;false
8796098363393;8796107603969;8796564193899;productReferences;;false
8796129362526;;;;8796098494465->8796107735041;false
8796129428062;;;;8796098494465->8796107735041;false
8796129493598;;;;8796098494465->8796107735041;false
8796129526366;;;;8796098494465->8796107735041;false
8796129559134;;;;8796098494465->8796107735041;false
8796129624670;;;;8796098494465->8796107735041;false
8796129657438;;;;8796098494465->8796107735041;false
8796098494465;8796107735041;8796582511211;productReferences;;false
8796131131998;;;;8796098658305->8796107997185;false
8796098658305;8796107997185;8796634251883;productReferences;;false
8796137095774;;;;8796098723841->8796108062721;false
8796137128542;;;;8796098723841->8796108062721;false
8796137259614;;;;8796098723841->8796108062721;false
8796137292382;;;;8796098723841->8796108062721;false
8796137357918;;;;8796098723841->8796108062721;false
8796137390686;;;;8796098723841->8796108062721;false
8796137488990;;;;8796098723841->8796108062721;false
8796137521758;;;;8796098723841->8796108062721;false
8796137554526;;;;8796098723841->8796108062721;false
8796137587294;;;;8796098723841->8796108062721;false
8796098723841;8796108062721;8796643361387;productReferences;;false
8796134277726;;;;8796098854913->8796108193793;false
8796134343262;;;;8796098854913->8796108193793;false
8796134376030;;;;8796098854913->8796108193793;false
8796134441566;;;;8796098854913->8796108193793;false
8796134507102;;;;8796098854913->8796108193793;false
8796098854913;8796108193793;8796657123947;productReferences;;false
8796132967006;;;;8796098887681->8796108226561;false
8796132999774;;;;8796098887681->8796108226561;false
8796133032542;;;;8796098887681->8796108226561;false
8796133098078;;;;8796098887681->8796108226561;false
8796133130846;;;;8796098887681->8796108226561;false
8796133163614;;;;8796098887681->8796108226561;false
8796134539870;;;;8796098920449->8796108259329;false
8796134572638;;;;8796098920449->8796108259329;false
8796134605406;;;;8796098920449->8796108259329;false
8796134638174;;;;8796098920449->8796108259329;false
8796134670942;;;;8796098920449->8796108259329;false
8796098887681;8796108226561;8796670165611;productReferences;;false
8796098920449;8796108259329;8796670722667;productReferences;;false
8796132475486;;;;8796098985985->8796108324865;false
8796132409950;;;;8796098985985->8796108324865;false
8796132508254;;;;8796098985985->8796108324865;false
8796132541022;;;;8796098985985->8796108324865;false
8796132606558;;;;8796098985985->8796108324865;false
8796132639326;;;;8796098985985->8796108324865;false
8796132672094;;;;8796098985985->8796108324865;false
8796132704862;;;;8796098985985->8796108324865;false
8796098985985;8796108324865;8796673442411;productReferences;;false
8796134769246;;;;8796098953217->8796108292097;false
8796134802014;;;;8796098953217->8796108292097;false
8796134834782;;;;8796098953217->8796108292097;false
8796134933086;;;;8796098953217->8796108292097;false
8796134900318;;;;8796098953217->8796108292097;false
8796098953217;8796108292097;8796676719211;productReferences;;false
8796131885662;;;;8796099018753->8796108357633;false
8796131918430;;;;8796099018753->8796108357633;false
8796131983966;;;;8796099018753->8796108357633;false
8796132049502;;;;8796099018753->8796108357633;false
8796132016734;;;;8796099018753->8796108357633;false
8796132082270;;;;8796099018753->8796108357633;false
8796132147806;;;;8796099018753->8796108357633;false
8796132115038;;;;8796099018753->8796108357633;false
8796099018753;8796108357633;8796693398123;productReferences;;false
8796127658590;;;;8796099051521->8796108390401;false
8796127691358;;;;8796099051521->8796108390401;false
8796127724126;;;;8796099051521->8796108390401;false
8796127789662;;;;8796099051521->8796108390401;false
8796127822430;;;;8796099051521->8796108390401;false
8796127855198;;;;8796099051521->8796108390401;false
8796128051806;;;;8796099051521->8796108390401;false
8796128084574;;;;8796099051521->8796108390401;false
8796099051521;8796108390401;8796696281707;productReferences;;false
8796093088350;;;;8796099149825->8796108488705;false
8796093153886;;;;8796099149825->8796108488705;false
8796093055582;;;;8796099149825->8796108488705;false
8796135850590;;;;8796099149825->8796108488705;false
8796135916126;;;;8796099149825->8796108488705;false
8796135948894;;;;8796099149825->8796108488705;false
8796135981662;;;;8796099149825->8796108488705;false
8796136014430;;;;8796099149825->8796108488705;false
8796136047198;;;;8796099149825->8796108488705;false
8796136079966;;;;8796099149825->8796108488705;false
8796136112734;;;;8796099149825->8796108488705;false
8796136145502;;;;8796099149825->8796108488705;false
8796136211038;;;;8796099149825->8796108488705;false
8796136243806;;;;8796099149825->8796108488705;false
8796136276574;;;;8796099149825->8796108488705;false
8796136309342;;;;8796099149825->8796108488705;false
8796136342110;;;;8796099149825->8796108488705;false
8796136407646;;;;8796099149825->8796108488705;false
8796136505950;;;;8796099149825->8796108488705;false
8796136538718;;;;8796099149825->8796108488705;false
8796136571486;;;;8796099149825->8796108488705;false
8796136604254;;;;8796099149825->8796108488705;false
8796136669790;;;;8796099149825->8796108488705;false
8796136702558;;;;8796099149825->8796108488705;false
8796134146654;;;;8796099084289->8796108423169;false
8796136735326;;;;8796099149825->8796108488705;false
8796134179422;;;;8796099084289->8796108423169;false
8796099149825;8796108488705;8796704735851;productReferences;;false
8796099084289;8796108423169;8796704997995;productReferences;;false
8796125823582;;;;8796099215361->8796108554241;false
8796125987422;;;;8796099215361->8796108554241;false
8796131361374;;;;8796099215361->8796108554241;false
8796131394142;;;;8796099215361->8796108554241;false
8796131459678;;;;8796099215361->8796108554241;false
8796131557982;;;;8796099215361->8796108554241;false
8796131590750;;;;8796099215361->8796108554241;false
8796131689054;;;;8796099215361->8796108554241;false
8796131787358;;;;8796099215361->8796108554241;false
8796135424606;;;;8796099182593->8796108521473;false
8796135457374;;;;8796099182593->8796108521473;false
8796135490142;;;;8796099182593->8796108521473;false
8796135522910;;;;8796099182593->8796108521473;false
8796135555678;;;;8796099182593->8796108521473;false
8796135686750;;;;8796099182593->8796108521473;false
8796099215361;8796108554241;8796725772907;productReferences;;false
8796135817822;;;;8796099182593->8796108521473;false
8796099182593;8796108521473;8796726985323;productReferences;;false
8796126970462;;;;8796099837953->8796109176833;false
8796127035998;;;;8796099837953->8796109176833;false
8796127101534;;;;8796099837953->8796109176833;false
8796127134302;;;;8796099837953->8796109176833;false
8796127199838;;;;8796099837953->8796109176833;false
8796127232606;;;;8796099837953->8796109176833;false
8796127298142;;;;8796099837953->8796109176833;false
8796127330910;;;;8796099837953->8796109176833;false
8796099837953;8796109176833;8796769550955;productReferences;;false
8796128543326;;;;8796099772417->8796109144065;false
8796128576094;;;;8796099772417->8796109144065;false
8796128608862;;;;8796099772417->8796109144065;false
8796128674398;;;;8796099772417->8796109144065;false
8796128707166;;;;8796099772417->8796109144065;false
8796099772417;8796109144065;8796777939563;productReferences;;false
8796126773854;;;;8796099870721->8796109209601;false
8796126839390;;;;8796099870721->8796109209601;false
8796126904926;;;;8796099870721->8796109209601;false
8796126937694;;;;8796099870721->8796109209601;false
8796127068766;;;;8796099870721->8796109209601;false
8796099870721;8796109209601;8796781511275;productReferences;;false
8796133491294;;;;8796100263937->8796109602817;false
8796133524062;;;;8796100263937->8796109602817;false
8796133622366;;;;8796100263937->8796109602817;false
8796133655134;;;;8796100263937->8796109602817;false
8796133687902;;;;8796100263937->8796109602817;false
8796133884510;;;;8796100263937->8796109602817;false
8796133917278;;;;8796100263937->8796109602817;false
8796133950046;;;;8796100263937->8796109602817;false
8796134048350;;;;8796100263937->8796109602817;false
8796100198401;8796109668353;8796822897259;allDocuments,europe1Discounts,europe1Prices,europe1Taxes,features,galleryImages,ownEurope1Discounts,ownEurope1Prices,ownEurope1Taxes,productReferences,untypedFeatures,variants,Europe1PriceFactory_PDG,Europe1PriceFactory_PPG,Europe1PriceFactory_PTG,articleStatus,assignedCockpitItemTemplates,buyerIDS,contentUnit,data_sheet,deliveryModes,detail,futureStocks,keywords,linkComponents,logo,normal,others,picture,productOrderLimit,stockLevels,supercategories,thumbnail,thumbnails,unit,vendors;;true
8796100263937;8796109701121;8796823061099;allDocuments,europe1Discounts,europe1Prices,europe1Taxes,features,galleryImages,ownEurope1Discounts,ownEurope1Prices,ownEurope1Taxes,productReferences,untypedFeatures,variants,Europe1PriceFactory_PDG,Europe1PriceFactory_PPG,Europe1PriceFactory_PTG,articleStatus,assignedCockpitItemTemplates,buyerIDS,contentUnit,data_sheet,deliveryModes,detail,futureStocks,keywords,linkComponents,logo,normal,others,picture,productOrderLimit,stockLevels,supercategories,thumbnail,thumbnails,unit,vendors;;true
8796226650142;8796455698462;8796846228075;mediaContainer;8796100395009->8796109799425;false
8796246048798;8796455763998;8796846326379;mediaContainer;8796100395009->8796109799425;false
8796325052446;8796455796766;8796846359147;mediaContainer;8796100395009->8796109799425;false
8796351397918;8796455862302;8796846457451;mediaContainer;8796100395009->8796109799425;false
8796298641438;8796455927838;8796846588523;mediaContainer;8796100395009->8796109799425;false
8796138308190;;;;8796100493313->8796109897729;false
8796138340958;;;;8796100493313->8796109897729;false
8796138373726;;;;8796100493313->8796109897729;false
8796138406494;;;;8796100493313->8796109897729;false
8796138439262;;;;8796100493313->8796109897729;false
8796138570334;;;;8796100493313->8796109897729;false
8796138668638;;;;8796100493313->8796109897729;false
8796100493313;8796109897729;8796875915883;productReferences;;false
8796100657153;8796110356481;8796924478059;allDocuments,europe1Discounts,europe1Prices,europe1Taxes,features,galleryImages,ownEurope1Discounts,ownEurope1Prices,ownEurope1Taxes,productReferences,untypedFeatures,variants,Europe1PriceFactory_PDG,Europe1PriceFactory_PPG,Europe1PriceFactory_PTG,articleStatus,assignedCockpitItemTemplates,buyerIDS,contentUnit,data_sheet,deliveryModes,detail,futureStocks,keywords,linkComponents,logo,normal,others,picture,productOrderLimit,stockLevels,supercategories,thumbnail,thumbnails,unit,vendors;;true
8796101836801;;;;;false
8796101869569;;;;;false
8796101902337;;;;;false
8796226355230;8796465561630;8797037888107;mediaContainer;;false
8796229107742;8796465594398;8797038248555;mediaContainer;;false
8796229337118;8796465627166;8797038379627;mediaContainer;;false
8796232515614;8796465659934;8797038707307;mediaContainer;;false
8796241100830;8796465692702;8797039559275;mediaContainer;;false
8796244836382;8796465725470;8797039952491;mediaContainer;;false
8796245491742;8796465758238;8797040083563;mediaContainer;;false
8796245524510;8796465791006;8797040116331;mediaContainer;;false
8796252635166;8796465823774;8797040509547;mediaContainer;;false
8796252602398;8796465856542;8797040607851;mediaContainer;;false
8796253126686;8796465889310;8797040706155;mediaContainer;;false
8796253093918;8796465922078;8797040738923;mediaContainer;;false
8796253585438;8796465954846;8797040902763;mediaContainer;;false
8796254634014;8796465987614;8797041099371;mediaContainer;;false
8796255387678;8796466020382;8797041197675;mediaContainer;;false
8796255682590;8796466053150;8797041263211;mediaContainer;;false
8796258861086;8796466085918;8797041427051;mediaContainer;;false
8796267413534;8796466118686;8797041787499;mediaContainer;;false
8796271116318;8796466151454;8797041951339;mediaContainer;;false
8796271869982;8796466184222;8797041984107;mediaContainer;;false
8796271837214;8796466216990;8797042016875;mediaContainer;;false
8796278849566;8796466249758;8797042115179;mediaContainer;;false
8796279177246;8796466315294;8797042180715;mediaContainer;;false
8796278915102;8796466282526;8797042147947;mediaContainer;;false
8796279504926;8796466348062;8797042213483;mediaContainer;;false
8796279832606;8796466380830;8797042246251;mediaContainer;;false
8796280881182;8796466413598;8797042279019;mediaContainer;;false
8796281733150;8796466446366;8797042311787;mediaContainer;;false
8796282126366;8796466479134;8797042344555;mediaContainer;;false
8796285108254;8796466511902;8797042377323;mediaContainer;;false
8796293824542;8796466544670;8797042410091;mediaContainer;;false
8796297429022;8796466577438;8797042442859;mediaContainer;;false
8796298117150;8796466642974;8797042508395;mediaContainer;;false
8796298084382;8796466610206;8797042475627;mediaContainer;;false
8796305195038;8796466675742;8797042541163;mediaContainer;;false
8796305326110;8796466708510;8797042573931;mediaContainer;;false
8796305588254;8796466741278;8797042606699;mediaContainer;;false
8796305817630;8796466774046;8797042639467;mediaContainer;;false
8796306276382;8796466806814;8797042672235;mediaContainer;;false
8796307324958;8796466839582;8797042705003;mediaContainer;;false
8796308111390;8796466872350;8797042737771;mediaContainer;;false
8796308406302;8796466905118;8797042770539;mediaContainer;;false
8796311453726;8796466937886;8797042803307;mediaContainer;;false
8796320202782;8796466970654;8797042836075;mediaContainer;;false
8796324429854;8796467036190;8797042901611;mediaContainer;;false
8796323741726;8796467003422;8797042868843;mediaContainer;;false
8796324364318;8796467068958;8797042934379;mediaContainer;;false
8796331802654;8796467167262;8797042999915;mediaContainer;;false
8796331737118;8796467134494;8797043032683;mediaContainer;;false
8796332294174;8796467200030;8797043065451;mediaContainer;;false
8796331868190;8796467101726;8797042967147;mediaContainer;;false
8796332556318;8796467232798;8797043098219;mediaContainer;;false
8796333735966;8796467265566;8797043130987;mediaContainer;;false
8796334391326;8796467298334;8797043163755;mediaContainer;;false
8796334784542;8796467331102;8797043196523;mediaContainer;;false
8796337963038;8796467363870;8797043229291;mediaContainer;;false
8796346417182;8796467396638;8797043262059;mediaContainer;;false
8796350808094;8796467462174;8797043294827;mediaContainer;;false
8796350119966;8796467429406;8797043327595;mediaContainer;;false
8796350840862;8796467494942;8797043360363;mediaContainer;;false
8796358049822;8796467560478;8797043425899;mediaContainer;;false
8796357885982;8796467527710;8797043393131;mediaContainer;;false
8796358148126;8796467593246;8797043458667;mediaContainer;;false
8796359000094;8796467626014;8797043491435;mediaContainer;;false
8796358639646;8796467658782;8797043524203;mediaContainer;;false
8796359852062;8796467691550;8797043556971;mediaContainer;;false
8796360736798;8796467724318;8797043589739;mediaContainer;;false
