<?xml version="1.0" encoding="UTF-8"?>
<!--
 Copyright (c) 2019 SAP SE or an SAP affiliate company. All rights reserved
-->
<list-view unassigned-group-name="Other">
	<group name="General">
		<custom class="de.hybris.platform.cockpit.services.config.impl.CheckboxColumn" name=" " visible="true"/>
		<property qualifier="Media.URL" visible="true">
			<renderer class="de.hybris.platform.cockpit.model.listview.impl.ImageCellRenderer"/>
		</property>
		<property qualifier="Media.realFileName" visible="true"/>
		<property qualifier="Media.mime" visible="true"/>
		<property qualifier="Media.catalogVersion" visible="true" editor="shortListEditor"/>
	</group>
</list-view>
