<?xml version="1.0" encoding="UTF-8"?>
<!--
 Copyright (c) 2020 SAP SE or an SAP affiliate company. All rights reserved.
-->
<base>
	<search>
		<search-properties>
			<property qualifier="Principal.uid"/>
			<property qualifier="Principal.name"/>
		</search-properties>
		<sort-properties>
		<property qualifier="Item.modifiedtime"/>
			<property qualifier="Principal.uid"/>
			<property qualifier="Principal.name"/>
		</sort-properties>
	</search>
	<label spring-bean="principalLabelProvider"/>
</base>