<?xml version="1.0" encoding="UTF-8"?>
<!--
 Copyright (c) 2019 SAP SE or an SAP affiliate company. All rights reserved
-->
<base>
	<search>
		<search-properties>
			<property qualifier="AbstractComment.subject"/>
			<property qualifier="AbstractComment.text"/>
			<property qualifier="AbstractComment.attachments"/>
			<property qualifier="AbstractComment.modifiedtime"/>
			<property qualifier="AbstractComment.creationtime"/>
		</search-properties>
		<sort-properties>
		<property qualifier="Item.modifiedtime"/>
			<property qualifier="AbstractComment.subject"/>
			<property qualifier="AbstractComment.text"/>
			<property qualifier="AbstractComment.attachments"/>
			<property qualifier="AbstractComment.modifiedtime"/>
			<property qualifier="AbstractComment.creationtime"/>
		</sort-properties>
	</search>
	<label spring-bean="commentLabelProvider" />
</base>
