<?xml version="1.0" encoding="UTF-8"?>
<!--
 Copyright (c) 2019 SAP SE or an SAP affiliate company. All rights reserved
-->
<advanced-search>

	<group name="root" type="catalogversion">
		<label key="config.general.searchfor" />
		<group name="general">
			<label key="cockpit.config.label.General" />
			<property qualifier="catalogversion.catalog.name" visible="true"/>
			<property qualifier="catalogversion.version" visible="true"/>
			<property qualifier="catalogversion.active" visible="true"/>
		</group>
	</group>

</advanced-search>
