<?xml version="1.0" encoding="UTF-8"?>
<!--
 Copyright (c) 2020 SAP SE or an SAP affiliate company. All rights reserved.
-->
<list-view unassigned-group-name="Other">
	<group name="General">
		<custom class="de.hybris.platform.cockpit.services.config.impl.LineNumberColumn" name="Line nr" visible="false" selectable="true" width="70px"/>
		<property qualifier="cmsitem.name" visible="true" width="350px"/>
		<property qualifier="abstractpage.type" visible="true" width="150px"/>
		<property qualifier="abstractpage.defaultPage" visible="true" width="100px">
			<renderer class="de.hybris.platform.cockpit.model.listview.impl.BooleanCellRenderer"/>
		</property>
		<property qualifier="abstractpage.masterTemplate" visible="true" width="150px"/>
		<property qualifier="abstractpage.pageStatus" visible="true" width="150px"/>
		<custom spring-bean="CatalogAbstractPageSectionListActionColumn" name="Actions" visible="true" selectable="true"/>		
	</group>
</list-view>