<?xml version="1.0" encoding="UTF-8"?>
<!--
 Copyright (c) 2019 SAP SE or an SAP affiliate company. All rights reserved
-->
<base>
	<search>
		<search-properties>
			<property qualifier="CommentType.name"/>
			<property qualifier="CommentType.metaType"/>
			<property qualifier="CommentType.code"/>
		</search-properties>
		<sort-properties>
		<property qualifier="Item.modifiedtime"/>
			<property qualifier="CommentType.name"/>
			<property qualifier="CommentType.code"/>
		</sort-properties>
	</search>
	<label>
		<property qualifier="CommentType.name"/>
		<property qualifier="CommentType.code"/>
	</label>
</base>
