<?xml version="1.0" encoding="UTF-8"?>
<!--
 Copyright (c) 2020 SAP SE or an SAP affiliate company. All rights reserved.
-->
<advanced-search>
	
	<group name="root" type="contentslot">
		<label key="config.general.searchfor" />
		<group name="general">
			<label key="cockpit.config.label.General" />
			<property qualifier="contentslot.uid" sort-enabled="true"/>
			<property qualifier="contentslot.name" sort-enabled="true"/>
			<property qualifier="contentslot.active" sort-enabled="true"/>
			<property qualifier="contentslot.activeFrom" sort-enabled="false" visible="false" />
			<property qualifier="contentslot.activeUntil" sort-enabled="false" visible="false" />
		</group>
	</group>
	
</advanced-search>
