<?xml version="1.0" encoding="UTF-8"?>
<!--
 Copyright (c) 2019 SAP SE or an SAP affiliate company. All rights reserved
-->
<editor>
	
	<group qualifier="AttributeConstraint" visible="true" initially-opened="true">
		<label key="config.general.mandatorydata" />
		<property qualifier="AbstractConstraint.id" />		
		<property qualifier="AttributeConstraint.descriptor" />	
		<property qualifier="AbstractConstraint.active" />
		<property qualifier="AbstractConstraint.severity" />
		<property qualifier="DecimalMaxConstraint.value" editor="bigDecimal" />
		<property qualifier="AbstractConstraint.defaultMessage" />	
		<property qualifier="AbstractConstraint.message" />	
	</group>

	<group qualifier="admin" visible="true" initially-opened="false">
		<label key="cockpit.config.label.Other" />
		<property qualifier="AbstractConstraint.type" />
		<property qualifier="AbstractConstraint.target" editor="class" />
		<property qualifier="AttributeConstraint.qualifier" />					
		<property qualifier="AbstractConstraint.constraintGroups" >
			<parameter>
				<name>allowCreate</name>
				<value>true</value>
			</parameter>
			<parameter>
				<name>defaultEmptyLabelKey</name>
				<value>ea.constrain_group_default_label</value>
			</parameter>
		</property>
		<property qualifier="AbstractConstraint.annotation" editor="class"/>
		<property qualifier="Item.pk" />
		<property qualifier="Item.creationTime" />
		<property qualifier="Item.modifiedtime" />
	</group>
	
</editor>
