8796126872618;8796137325610;8797170401899;cmsComponents;;true
8796126839850;8796137358378;8797170467435;cmsComponents;;true
8796126807082;8796137292842;8797170369131;cmsComponents;;true
8796127036458;8796137489450;8797170598507;cmsComponents;;true
8796127003690;8796137456682;8797170565739;cmsComponents;;true
8796126938154;8796137391146;8797170532971;cmsComponents;;true
8796127233066;8796137686058;8797170795115;cmsComponents;;true
8796127069226;8796137554986;8797170664043;cmsComponents;;true
8796094759996;8796112880700;8797173514859;components;;true
8796095153212;8796113470524;8797174039147;allDocuments,actions,assignedCockpitItemTemplates,comments,containers,restrictions,slots;;true
8796095251516;8796113437756;8797173973611;allDocuments,actions,assignedCockpitItemTemplates,comments,containers,restrictions,slots;;true
8796093514816;8796098200640;8797174727275;entries;;true
8796095710268;8796113929276;8797176857195;rotatingComponent;;true
8796095775804;8796113994812;8797176889963;banners;;true
8796127527978;8796137980970;8797178430059;cmsComponents;;true
8796127986730;8796138472490;8797179773547;cmsComponents;;true
8796093187122;8796093809714;8797182493291;pages;;true
8796098200636;8796116517948;8797182820971;media,slots;;true
8796093711424;8796098430016;8797183378027;children;;true
8796094071872;8796098757696;8797184459371;entries;;false
8796099019836;8796117435452;8797184787051;allDocuments,actions,assignedCockpitItemTemplates,comments,containers,restrictions,slots;;true
8796129297450;8796139815978;8797184623211;cmsComponents;;true
8796099085372;8796117468220;8797184885355;slots;;true
8796097184832;8796099740736;8797187998315;entries,parent;;true
8796097250368;8796099806272;8797188031083;entries;;true
8796109440060;8796118582332;8797190095467;allDocuments,actions,assignedCockpitItemTemplates,comments,containers,restrictions,slots;;true
8796135162922;8796140438570;8797191078507;cmsComponents;;true
