<?xml version="1.0" encoding="UTF-8"?>
<!--
 Copyright (c) 2019 SAP SE or an SAP affiliate company. All rights reserved
-->
<base>
	<search>
		<search-properties>
			<property qualifier="Workflow.code"/>
			<property qualifier="Workflow.name"/>
		</search-properties>
		<sort-properties>
		<property qualifier="Item.modifiedtime"/>
			<property qualifier="Workflow.code"/>
			<property qualifier="Workflow.name"/>
		</sort-properties>
	</search>
	<label spring-bean="workflowLabelProvider" />
</base>
