<?xml version="1.0" encoding="UTF-8"?>
<!--
 Copyright (c) 2019 SAP SE or an SAP affiliate company. All rights reserved
-->
<base>
	<search>
		<search-properties>
			<property qualifier="Category.code" />
			<property qualifier="Category.name" />
		</search-properties>
		<sort-properties>
		<property qualifier="Item.modifiedtime"/>
			<property qualifier="Category.code" />
			<property qualifier="Category.name" />
		</sort-properties>
	</search>
	<label spring-bean="categoryLabelProvider" />
	<initial-properties source-object-template="Product">
		<property-mapping source="src.catalogVersion" target="Category.catalogVersion"/>
	</initial-properties>
</base>
